name,publisher,max_prob,originality,argmax_universe
Match,dc,0.5911549925804138,0.4088450074195862,dc
Sobek,dc,0.611480712890625,0.388519287109375,dc
Hawk,dc,0.6696897149085999,0.33031028509140015,dc
Azrael,dc,0.6743401885032654,0.3256598114967346,dc
Cyborg,dc,0.6872225403785706,0.31277745962142944,dc
Deadman,dc,0.6926603317260742,0.3073396682739258,dc
Wildfire,dc,0.7021009922027588,0.2978990077972412,dc
Okoye,marvel,0.707787036895752,0.29221296310424805,marvel
Doomsday,dc,0.7079209089279175,0.2920790910720825,dc
Heat Wave,dc,0.7106045484542847,0.28939545154571533,dc
Vibe,dc,0.7220751643180847,0.2779248356819153,dc
Blue Beetle III,dc,0.7327768802642822,0.2672231197357178,dc
Rocket,marvel,0.7333201766014099,0.2666798233985901,marvel
Scarecrow,dc,0.734190046787262,0.26580995321273804,dc
Steel,dc,0.7345487475395203,0.26545125246047974,dc
The Comedian,dc,0.7380042672157288,0.26199573278427124,dc
Black Cat,marvel,0.7463705539703369,0.2536294460296631,marvel
Speedy,dc,0.7498939633369446,0.2501060366630554,dc
Banshee,marvel,0.7645964622497559,0.23540353775024414,marvel
Atom II,dc,0.7713944911956787,0.2286055088043213,dc
Vulture,marvel,0.7728593945503235,0.2271406054496765,marvel
Chameleon,dc,0.7762030363082886,0.22379696369171143,dc
Enchantress,dc,0.7830013036727905,0.21699869632720947,dc
Sandman,marvel,0.7868418097496033,0.21315819025039673,marvel
Offspring,dc,0.7877095937728882,0.21229040622711182,dc
Cottonmouth,marvel,0.7901064157485962,0.2098935842514038,marvel
Poison Ivy,dc,0.7901462912559509,0.20985370874404907,dc
Walrus,marvel,0.7934476733207703,0.20655232667922974,marvel
Silk,marvel,0.8060871362686157,0.19391286373138428,marvel
Bantam,marvel,0.808290958404541,0.19170904159545898,marvel
Mimic,marvel,0.8146768808364868,0.18532311916351318,marvel
Fallen One II,marvel,0.8180902004241943,0.18190979957580566,marvel
Ozymandias,dc,0.8182928562164307,0.18170714378356934,dc
Frenzy,marvel,0.8209801912307739,0.17901980876922607,marvel
Black Knight III,marvel,0.8246555328369141,0.17534446716308594,marvel
Mantis,marvel,0.8286455869674683,0.17135441303253174,marvel
Hippolyta,dc,0.8349977731704712,0.1650022268295288,dc
Gravity,marvel,0.8368543386459351,0.16314566135406494,marvel
Captain Marvel II,dc,0.8385862112045288,0.1614137887954712,dc
Tinkerer,marvel,0.8405758738517761,0.15942412614822388,marvel
Thunderbird,marvel,0.8435186743736267,0.1564813256263733,marvel
Cheetah III,dc,0.8468309640884399,0.15316903591156006,dc
Azazel,marvel,0.8500015139579773,0.1499984860420227,marvel
Jack of Hearts,marvel,0.8530756831169128,0.14692431688308716,marvel
Doppelganger,marvel,0.8573268055915833,0.14267319440841675,marvel
Hercules,marvel,0.860794186592102,0.13920581340789795,marvel
Juggernaut,marvel,0.8611878156661987,0.13881218433380127,marvel
Magus,marvel,0.863068699836731,0.13693130016326904,marvel
Bird-Brain,marvel,0.8662317991256714,0.1337682008743286,marvel
Indigo,dc,0.8665362596511841,0.13346374034881592,dc
Nova,marvel,0.8665637969970703,0.1334362030029297,marvel
Blackout,marvel,0.8693755865097046,0.1306244134902954,marvel
Arclight,marvel,0.8717749118804932,0.12822508811950684,marvel
Black Mamba,marvel,0.8751055598258972,0.12489444017410278,marvel
Quill,marvel,0.8751344680786133,0.12486553192138672,marvel
Arachne,marvel,0.8779944181442261,0.12200558185577393,marvel
Gladiator,marvel,0.8800036907196045,0.11999630928039551,marvel
Robin VI,dc,0.8826484084129333,0.11735159158706665,dc
Synch,marvel,0.8845745325088501,0.1154254674911499,marvel
Lizard,marvel,0.8861172199249268,0.11388278007507324,marvel
Ares,marvel,0.8864948749542236,0.11350512504577637,marvel
Leech,marvel,0.8892766237258911,0.11072337627410889,marvel
Cannonball,marvel,0.8896422386169434,0.11035776138305664,marvel
Triton,marvel,0.8931861519813538,0.10681384801864624,marvel
Conquest,anime,0.893434464931488,0.10656553506851196,anime
Robin V,dc,0.8938252329826355,0.1061747670173645,dc
Stardust,marvel,0.8969907760620117,0.10300922393798828,marvel
Executioner,marvel,0.89734947681427,0.10265052318572998,marvel
Blizzard II,marvel,0.9001649022102356,0.0998350977897644,marvel
Callisto,marvel,0.901261031627655,0.09873896837234497,marvel
Roger,dark_horse,0.9018083810806274,0.09819161891937256,dark_horse
Captain Planet,marvel,0.9038800001144409,0.09611999988555908,marvel
Destroyer,marvel,0.9045635461807251,0.0954364538192749,marvel
Crystal,marvel,0.904983401298523,0.09501659870147705,marvel
Aphrodite,dc,0.9077131748199463,0.09228682518005371,dc
Firefly,dc,0.9089350700378418,0.0910649299621582,dc
Leader,marvel,0.9101064205169678,0.08989357948303223,marvel
Prometheus,dc,0.9105326533317566,0.08946734666824341,dc
Dagger,marvel,0.9105786085128784,0.08942139148712158,marvel
Rorschach,dc,0.9109821319580078,0.08901786804199219,dc
Loki,marvel,0.9116164445877075,0.08838355541229248,marvel
Guardian,dc,0.912301778793335,0.08769822120666504,dc
Hera,dc,0.9134238362312317,0.08657616376876831,dc
Godspeed,dc,0.9159095883369446,0.08409041166305542,dc
Trickster,dc,0.9171424508094788,0.08285754919052124,dc
Spawn,image_comics,0.920628547668457,0.07937145233154297,image_comics
Crimson Countess,anime,0.9216107726097107,0.0783892273902893,anime
Abe Sapien,dark_horse,0.9221182465553284,0.07788175344467163,dark_horse
Abraxas,marvel,0.9237217307090759,0.07627826929092407,marvel
Non,dc,0.9242823719978333,0.07571762800216675,dc
Niki Sanders,nbc_heroes,0.9251961708068848,0.07480382919311523,nbc_heroes
Slade,dc,0.928339421749115,0.07166057825088501,dc
Agent Orange,dc,0.9290300607681274,0.07096993923187256,dc
Sif,marvel,0.9318064451217651,0.06819355487823486,marvel
Mad Hatter,dc,0.9364005327224731,0.06359946727752686,dc
Red Hood,dc,0.9371099472045898,0.06289005279541016,dc
Carnage,marvel,0.9396054744720459,0.0603945255279541,marvel
Johann,dark_horse,0.9400920271873474,0.05990797281265259,dark_horse
Forge,marvel,0.9402675628662109,0.05973243713378906,marvel
Nebula,marvel,0.9410394430160522,0.058960556983947754,marvel
Hellboy,dark_horse,0.9411662220954895,0.0588337779045105,dark_horse
The Female,image_comics,0.9447728395462036,0.05522716045379639,image_comics
ZSAS,dc,0.9449435472488403,0.05505645275115967,dc
Thragg,image_comics,0.9471494555473328,0.052850544452667236,image_comics
Optimus Prime,idw_publishing,0.9476209878921509,0.05237901210784912,idw_publishing
Ryan Butcher,the_boys,0.9476619958877563,0.05233800411224365,the_boys
Siniestro,dc,0.9486340880393982,0.05136591196060181,dc
Claire Bennet,nbc_heroes,0.9504891633987427,0.049510836601257324,nbc_heroes
Sylar,nbc_heroes,0.9505738019943237,0.04942619800567627,nbc_heroes
Circe,dc,0.9513401985168457,0.0486598014831543,dc
Lamplighter,the_boys,0.9523540139198303,0.04764598608016968,the_boys
Mother's Milk,the_boys,0.9553017020225525,0.04469829797744751,the_boys
Cecil Stedman,image_comics,0.9554515480995178,0.04454845190048218,image_comics
Toxin,marvel,0.9563557505607605,0.0436442494392395,marvel
Frenchie,the_boys,0.9582982063293457,0.0417017936706543,the_boys
Zeus,marvel,0.9583050012588501,0.0416949987411499,marvel
Odin,marvel,0.9590654373168945,0.04093456268310547,marvel
Eagle the Archer,anime,0.9625469446182251,0.0374530553817749,anime
Perpetua,dc,0.9632878303527832,0.0367121696472168,dc
Soundwave,idw_publishing,0.9646691679954529,0.03533083200454712,idw_publishing
The Legend,anime,0.966196596622467,0.03380340337753296,anime
Ben 10,dc,0.9674691557884216,0.03253084421157837,dc
Starlight,the_boys,0.9675425291061401,0.03245747089385986,the_boys
Metron,dc,0.9686417579650879,0.03135824203491211,dc
Allen the Alien,image_comics,0.9690510034561157,0.030948996543884277,image_comics
Surtur,marvel,0.97076416015625,0.02923583984375,marvel
Bushido,dc,0.9715942740440369,0.028405725955963135,dc
Terra,dc,0.9721491932868958,0.027850806713104248,dc
Aquarius,image_comics,0.9729698896408081,0.027030110359191895,image_comics
Nightmare,marvel,0.974266529083252,0.025733470916748047,marvel
Queen Maeve,the_boys,0.97597336769104,0.02402663230895996,the_boys
Doc Seismic,image_comics,0.9770672917366028,0.022932708263397217,image_comics
Iron Fist,marvel,0.9780014157295227,0.021998584270477295,marvel
Starscream,idw_publishing,0.9783750772476196,0.02162492275238037,idw_publishing
Stormfront,the_boys,0.9787681698799133,0.02123183012008667,the_boys
Stan Edgar,anime,0.9792894124984741,0.02071058750152588,anime
Magmaniac,image_comics,0.9796690940856934,0.02033090591430664,image_comics
Shazam,dc,0.979723334312439,0.020276665687561035,dc
Damien Darkblood,image_comics,0.9815701246261597,0.018429875373840332,image_comics
Donald,image_comics,0.9821383357048035,0.017861664295196533,image_comics
Shapesmith,image_comics,0.9823160171508789,0.017683982849121094,image_comics
Yellow Lantern,dc,0.9830964207649231,0.016903579235076904,dc
Battle Beast,image_comics,0.9834713935852051,0.016528606414794922,image_comics
Megatron,idw_publishing,0.9836377501487732,0.016362249851226807,idw_publishing
Apocalypse,marvel,0.9837149381637573,0.016285061836242676,marvel
Hobgoblin,marvel,0.9840831756591797,0.015916824340820312,marvel
Angel,marvel,0.984343945980072,0.01565605401992798,marvel
Robot,image_comics,0.9847444295883179,0.015255570411682129,image_comics
Robin,dc,0.9855380058288574,0.014461994171142578,dc
Jubilee,marvel,0.985933780670166,0.014066219329833984,marvel
Aurora,marvel,0.986007809638977,0.01399219036102295,marvel
Swarm,marvel,0.9864068627357483,0.013593137264251709,marvel
Ink,marvel,0.9869120717048645,0.013087928295135498,marvel
Tek Knight,anime,0.9870271682739258,0.012972831726074219,anime
Hughie Campbell,anime,0.9890528321266174,0.010947167873382568,anime
Shuri,marvel,0.9896426200866699,0.010357379913330078,marvel
Soldier Boy,the_boys,0.9897668361663818,0.010233163833618164,the_boys
Shriek,marvel,0.9899129271507263,0.010087072849273682,marvel
Angstrom Levy,image_comics,0.9901408553123474,0.009859144687652588,image_comics
Husk,marvel,0.9901908040046692,0.00980919599533081,marvel
Guy Gardner,dc,0.9902150630950928,0.009784936904907227,dc
Heimdall,marvel,0.9904806017875671,0.009519398212432861,marvel
War Woman,image_comics,0.9906166195869446,0.00938338041305542,image_comics
Mohawk Mark,image_comics,0.9906926155090332,0.009307384490966797,image_comics
Madelyn Stillwell,the_boys,0.9911494851112366,0.008850514888763428,the_boys
Death,marvel,0.9911903142929077,0.008809685707092285,marvel
Wolverine,marvel,0.9913548827171326,0.008645117282867432,marvel
White Canary,dc,0.9913557171821594,0.008644282817840576,dc
Infinity,marvel,0.9914211630821228,0.008578836917877197,marvel
Magneto,marvel,0.9915943145751953,0.008405685424804688,marvel
Sein,anime,0.9916313886642456,0.008368611335754395,anime
Lenny Butcher,the_boys,0.9918367862701416,0.008163213729858398,the_boys
Billy Butcher,the_boys,0.9919207096099854,0.008079290390014648,the_boys
Solomon Grundy,dc,0.9919331073760986,0.008066892623901367,dc
Kevin 11,dc,0.9919398427009583,0.008060157299041748,dc
Kraven II,marvel,0.9922006130218506,0.007799386978149414,marvel
Vikings,the_boys,0.9924345016479492,0.007565498352050781,the_boys
Blink,marvel,0.9925409555435181,0.007459044456481934,marvel
Cyclops,marvel,0.9925904273986816,0.007409572601318359,marvel
Moses Magnum,marvel,0.9926185607910156,0.007381439208984375,marvel
Eternity,marvel,0.9928069710731506,0.007193028926849365,marvel
Homelander,the_boys,0.9932885766029358,0.006711423397064209,the_boys
Annalise,the_boys,0.993649959564209,0.006350040435791016,the_boys
Storm,marvel,0.9937286376953125,0.0062713623046875,marvel
Man-Bat,dc,0.9937902092933655,0.0062097907066345215,dc
Stargirl,dc,0.9938104152679443,0.006189584732055664,dc
Big Barda,dc,0.9938499927520752,0.006150007247924805,dc
Air-Walker,marvel,0.993958592414856,0.006041407585144043,marvel
Ray,dc,0.9941203594207764,0.005879640579223633,dc
Darkwing II,image_comics,0.9941446185112,0.005855381488800049,image_comics
Lin Ling,anime,0.9942857623100281,0.005714237689971924,anime
Rex-Splode,image_comics,0.9945857524871826,0.005414247512817383,image_comics
Hawkeye,marvel,0.9945979118347168,0.005402088165283203,marvel
Namorita,marvel,0.9945988059043884,0.005401194095611572,marvel
Lobo,dc,0.9948636293411255,0.005136370658874512,dc
Gog,dc,0.9949914216995239,0.005008578300476074,dc
Doc Ock,marvel,0.9950844049453735,0.004915595054626465,marvel
Ajax,marvel,0.9950928688049316,0.004907131195068359,marvel
Agent Bob,marvel,0.9951194524765015,0.004880547523498535,marvel
Domino,marvel,0.9951342344284058,0.004865765571594238,marvel
Spectre,dc,0.9952362775802612,0.0047637224197387695,dc
Venom,marvel,0.9953083992004395,0.004691600799560547,marvel
Omni-Man,image_comics,0.9954774975776672,0.004522502422332764,image_comics
Goblin Queen,marvel,0.9954847097396851,0.004515290260314941,marvel
Mindstorm,the_boys,0.9955286979675293,0.004471302032470703,the_boys
Veil,image_comics,0.9955296516418457,0.004470348358154297,image_comics
Marathon,the_boys,0.9957290887832642,0.00427091121673584,the_boys
Firecracker,the_boys,0.9957756996154785,0.004224300384521484,the_boys
Swatto,the_boys,0.9958335757255554,0.00416642427444458,the_boys
Payback,the_boys,0.9958707690238953,0.004129230976104736,the_boys
Joe Kessler,the_boys,0.9958711862564087,0.004128813743591309,the_boys
Griffith,anime,0.9958717823028564,0.004128217697143555,anime
Science Dog,anime,0.9960216879844666,0.003978312015533447,anime
Dupli-Kate,image_comics,0.9961702823638916,0.0038297176361083984,image_comics
Terror,the_boys,0.9962417483329773,0.003758251667022705,the_boys
Light Lass,dc,0.9962944984436035,0.0037055015563964844,dc
Scream,marvel,0.9963041543960571,0.003695845603942871,marvel
Shocker,marvel,0.9963076114654541,0.0036923885345458984,marvel
Mister Zsasz,dc,0.9966567158699036,0.0033432841300964355,dc
Green Ghost,image_comics,0.9967566728591919,0.0032433271408081055,image_comics
Sister Sage,the_boys,0.9967575073242188,0.00324249267578125,the_boys
Maverick,marvel,0.9967807531356812,0.0032192468643188477,marvel
Rip Hunter,dc,0.9967974424362183,0.0032025575637817383,dc
Darkwing,image_comics,0.9968227744102478,0.0031772255897521973,image_comics
Warlock,marvel,0.9968497157096863,0.0031502842903137207,marvel
Ultragirl,marvel,0.9968582987785339,0.0031417012214660645,marvel
Becca Butcher,the_boys,0.9968965649604797,0.0031034350395202637,the_boys
Anissa,image_comics,0.9970853924751282,0.002914607524871826,image_comics
Cullen Row,dc,0.9970879554748535,0.0029120445251464844,dc
Aquababy,dc,0.9970952272415161,0.0029047727584838867,dc
Valkyrie,marvel,0.99712073802948,0.0028792619705200195,marvel
Lucan,image_comics,0.9971593022346497,0.002840697765350342,image_comics
Phage,marvel,0.9971923232078552,0.0028076767921447754,marvel
Vought International,the_boys,0.9972326159477234,0.0027673840522766113,the_boys
Bling!,marvel,0.9972368478775024,0.0027631521224975586,marvel
Gwen Stacy,marvel,0.9972817897796631,0.002718210220336914,marvel
Thula,image_comics,0.9973108172416687,0.002689182758331299,image_comics
Riot,marvel,0.9973878860473633,0.0026121139526367188,marvel
Lasher,marvel,0.9974026083946228,0.0025973916053771973,marvel
Red River,the_boys,0.9974290132522583,0.0025709867477416992,the_boys
Ashley Barrett,the_boys,0.9974783062934875,0.002521693706512451,the_boys
Kid Flash (Wally),dc,0.9975797533988953,0.0024202466011047363,dc
Hyperion,marvel,0.9976062774658203,0.0023937225341796875,marvel
Firelord,marvel,0.9976180791854858,0.00238192081451416,marvel
Webweaver,the_boys,0.9976314902305603,0.0023685097694396973,the_boys
Shang-Chi,marvel,0.9977346658706665,0.002265334129333496,marvel
Seth Reed,the_boys,0.9977490305900574,0.002250969409942627,the_boys
Phyla-Vell,marvel,0.9977636933326721,0.002236306667327881,marvel
The Immortal,anime,0.9978166818618774,0.0021833181381225586,anime
Mister Knife,marvel,0.9978460669517517,0.002153933048248291,marvel
Nekron,dc,0.997856616973877,0.002143383026123047,dc
Batgirl IV,dc,0.9979067444801331,0.0020932555198669434,dc
G-Men,the_boys,0.9979196190834045,0.002080380916595459,the_boys
Idsastaros,anime,0.9979352951049805,0.0020647048950195312,anime
Larfleeze,dc,0.9979584217071533,0.0020415782928466797,dc
"Hall, Carter",dc,0.9979636669158936,0.0020363330841064453,dc
Pete Ross,dc,0.9979698657989502,0.0020301342010498047,dc
Mera,dc,0.9979832768440247,0.002016723155975342,dc
One-Above-All,marvel,0.9979884028434753,0.002011597156524658,marvel
Cosmo the Spacedog,marvel,0.9980129599571228,0.0019870400428771973,marvel
Mark Grayson,image_comics,0.9980237483978271,0.0019762516021728516,image_comics
Philippus,dc,0.9980380535125732,0.001961946487426758,dc
Arachnid,marvel,0.9980440139770508,0.0019559860229492188,marvel
Antiope,dc,0.9981024265289307,0.001897573471069336,dc
The Doctor,star_trek,0.9981225728988647,0.001877427101135254,star_trek
Franklin Richards,marvel,0.9981275796890259,0.001872420310974121,marvel
Jango Fett,star_wars,0.998171329498291,0.0018286705017089844,star_wars
Evilhawk,marvel,0.9981968402862549,0.0018031597137451172,marvel
Scar,star_wars,0.9982036352157593,0.0017963647842407227,star_wars
Lightning Lad,dc,0.9982104897499084,0.0017895102500915527,dc
Popclaw,the_boys,0.9982229471206665,0.001777052879333496,the_boys
Zoom,dc,0.9982269406318665,0.001773059368133545,dc
Strong Guy,marvel,0.9982298612594604,0.0017701387405395508,marvel
Red Tornado,dc,0.9982678890228271,0.0017321109771728516,dc
Fern,anime,0.9982890486717224,0.0017109513282775879,anime
Black Flash,dc,0.9982959032058716,0.001704096794128418,dc
Padme Amidala,star_wars,0.9983187913894653,0.001681208610534668,star_wars
Jane Foster,marvel,0.9983207583427429,0.00167924165725708,marvel
Eustass Kid,anime,0.9983221888542175,0.0016778111457824707,anime
Spider-Gwen,marvel,0.9983225464820862,0.0016774535179138184,marvel
Kid Flash (Bart),dc,0.9983257055282593,0.0016742944717407227,dc
James T. Kirk,star_trek,0.9983733892440796,0.0016266107559204102,star_trek
Warp,dc,0.9983791708946228,0.0016208291053771973,dc
Question,dc,0.9984000325202942,0.0015999674797058105,dc
Denken,anime,0.9984253644943237,0.0015746355056762695,anime
Teenage Kix,the_boys,0.9984757900238037,0.001524209976196289,the_boys
Terrax,marvel,0.9985121488571167,0.0014878511428833008,marvel
War Machine,marvel,0.9985194206237793,0.0014805793762207031,marvel
Reverse-Flash,dc,0.9985286593437195,0.0014713406562805176,dc
Dazzler,marvel,0.9985349178314209,0.0014650821685791016,marvel
X-Man,marvel,0.9985367059707642,0.0014632940292358398,marvel
Big Man,marvel,0.9985660910606384,0.0014339089393615723,marvel
Black Bolt,marvel,0.9985743761062622,0.001425623893737793,marvel
Lightning Lord,dc,0.9985889196395874,0.0014110803604125977,dc
Black Manta,dc,0.9986144304275513,0.0013855695724487305,dc
Winter Soldier,marvel,0.9986149668693542,0.001385033130645752,marvel
Franklin Storm,marvel,0.9986237287521362,0.0013762712478637695,marvel
Yondu,marvel,0.9986246824264526,0.0013753175735473633,marvel
Spider-Girl,marvel,0.9986374378204346,0.0013625621795654297,marvel
Kingpin,marvel,0.9986400604248047,0.0013599395751953125,marvel
Harper Row,dc,0.9986486434936523,0.0013513565063476562,dc
Phoenix Force,marvel,0.9986541271209717,0.0013458728790283203,marvel
Utgard-Loki,marvel,0.9986728429794312,0.0013271570205688477,marvel
Ironheart,marvel,0.9986766576766968,0.0013233423233032227,marvel
Scarlet Spider II,marvel,0.9986779689788818,0.001322031021118164,marvel
Stephanie Brown,dc,0.9986782073974609,0.0013217926025390625,dc
Red Skull,marvel,0.998680591583252,0.0013194084167480469,marvel
Micro Lad,dc,0.9986847043037415,0.001315295696258545,dc
Pyro,marvel,0.9986855983734131,0.001314401626586914,marvel
Bulletproof,anime,0.998690128326416,0.0013098716735839844,anime
Warlord Kragos,marvel,0.9986916780471802,0.0013083219528198242,marvel
Beyonder,marvel,0.9987115263938904,0.0012884736061096191,marvel
Seven of Nine,star_trek,0.9987118244171143,0.0012881755828857422,star_trek
Iron Monger,marvel,0.9987149238586426,0.0012850761413574219,marvel
Stark,anime,0.9987210631370544,0.0012789368629455566,anime
Simon Baz,dc,0.9987406730651855,0.0012593269348144531,dc
Calendar Man,dc,0.998782753944397,0.0012172460556030273,dc
Homunculus (Father),anime,0.9987879395484924,0.0012120604515075684,anime
Etrigan,dc,0.9987921118736267,0.001207888126373291,dc
"Ookido, Green",anime,0.998801589012146,0.001198410987854004,anime
Animal Man,dc,0.9988160133361816,0.0011839866638183594,dc
Shayera Hol,dc,0.9988272190093994,0.001172780990600586,dc
Flash Thompson,marvel,0.998835563659668,0.0011644363403320312,marvel
Mirage,marvel,0.9988469481468201,0.0011530518531799316,marvel
Power Girl,dc,0.9988507032394409,0.001149296760559082,dc
Ghost Rider,marvel,0.9988662600517273,0.001133739948272705,marvel
Watcher,marvel,0.9988706707954407,0.0011293292045593262,marvel
Namor,marvel,0.9988764524459839,0.0011235475540161133,marvel
Reverse Flash,dc,0.9988858699798584,0.0011141300201416016,dc
Groot,marvel,0.9988901615142822,0.0011098384857177734,marvel
Captain Atom,dc,0.9988941550254822,0.0011058449745178223,dc
Supergirl,dc,0.9989113807678223,0.0010886192321777344,dc
"Joestar, Johnny",anime,0.9989122748374939,0.0010877251625061035,anime
Brainiac 5,dc,0.9989123344421387,0.0010876655578613281,dc
Kid Flash,dc,0.9989126324653625,0.0010873675346374512,dc
Songbird,marvel,0.9989234209060669,0.0010765790939331055,marvel
Mary Jane Watson,marvel,0.9989316463470459,0.0010683536529541016,marvel
Spider-Woman III,marvel,0.998936653137207,0.0010633468627929688,marvel
Jennifer Kale,marvel,0.9989479780197144,0.0010520219802856445,marvel
Agony,marvel,0.998948335647583,0.0010516643524169922,marvel
John Constantine,dc,0.9989725351333618,0.0010274648666381836,dc
"Maeda, Noboru",anime,0.9989736080169678,0.0010263919830322266,anime
Zamasu,anime,0.9989826679229736,0.0010173320770263672,anime
John Wraith,marvel,0.9989877939224243,0.0010122060775756836,marvel
Stryfe,marvel,0.9989973902702332,0.0010026097297668457,marvel
Eisen,anime,0.9990063905715942,0.0009936094284057617,anime
General Grievous,star_wars,0.9990077018737793,0.0009922981262207031,star_wars
Clock King,dc,0.9990116357803345,0.0009883642196655273,dc
Diamondback,marvel,0.9990187883377075,0.0009812116622924805,marvel
Drax,marvel,0.9990289807319641,0.0009710192680358887,marvel
Darth Vader,star_wars,0.9990420341491699,0.0009579658508300781,star_wars
Beast Boy,dc,0.9990498423576355,0.000950157642364502,dc
Aqualad,dc,0.9990501999855042,0.0009498000144958496,dc
Shadow King,marvel,0.999056875705719,0.0009431242942810059,marvel
Ezri Dax,star_trek,0.9990586042404175,0.0009413957595825195,star_trek
Steve Trevor,dc,0.9990606307983398,0.0009393692016601562,dc
Felicia Hardy,marvel,0.999062180519104,0.0009378194808959961,marvel
Martian Manhunter,dc,0.9990708827972412,0.0009291172027587891,dc
Catwoman,dc,0.9990726113319397,0.0009273886680603027,dc
Weather Wizard,dc,0.9990739822387695,0.0009260177612304688,dc
Betty Brant,marvel,0.9990743398666382,0.0009256601333618164,marvel
Kyle Rayner,dc,0.9990794062614441,0.0009205937385559082,dc
Abin Sur,dc,0.9990872144699097,0.000912785530090332,dc
Utsuro,anime,0.9990891814231873,0.0009108185768127441,anime
Killer Frost,dc,0.9990898966789246,0.0009101033210754395,dc
Spock,star_trek,0.9990904927253723,0.0009095072746276855,star_trek
Deadpool,marvel,0.999091625213623,0.0009083747863769531,marvel
Batwoman V,dc,0.9990921020507812,0.00090789794921875,dc
Kang the Conqueror,marvel,0.9990929365158081,0.0009070634841918945,marvel
Superboy,dc,0.9990990161895752,0.0009009838104248047,dc
Swamp Thing,dc,0.9991124272346497,0.0008875727653503418,dc
Tigra,marvel,0.9991225600242615,0.0008774399757385254,marvel
Odo,star_trek,0.9991242289543152,0.0008757710456848145,star_trek
Flash,dc,0.9991269111633301,0.0008730888366699219,dc
Phantom Stranger,dc,0.9991306066513062,0.0008693933486938477,dc
Silver Surfer,marvel,0.9991307258605957,0.0008692741394042969,marvel
Leslie Thompkins,dc,0.999137282371521,0.0008627176284790039,dc
Lucius Fox,dc,0.9991391897201538,0.0008608102798461914,dc
Kathryn Janeway,star_trek,0.9991430044174194,0.0008569955825805664,star_trek
Black Adam,dc,0.9991437792778015,0.0008562207221984863,dc
Anti-Monitor,dc,0.999147891998291,0.0008521080017089844,dc
Gamora,marvel,0.9991504549980164,0.0008495450019836426,marvel
Boba Fett,star_wars,0.9991567134857178,0.0008432865142822266,star_wars
Parademon,dc,0.9991592764854431,0.0008407235145568848,dc
Mr. Fantastic,marvel,0.9991627931594849,0.0008372068405151367,marvel
"Ononoki, Yotsugi",anime,0.9991632699966431,0.0008367300033569336,anime
Lana Lang,dc,0.9991767406463623,0.0008232593536376953,dc
Benjamin Sisko,star_trek,0.9991884231567383,0.0008115768432617188,star_trek
Bizarro,dc,0.9991894960403442,0.0008105039596557617,dc
Blackwulf,marvel,0.9991921782493591,0.0008078217506408691,marvel
Lucifer Morningstar,dc,0.9991941452026367,0.0008058547973632812,dc
Absorbing Man,marvel,0.999199390411377,0.0008006095886230469,marvel
Rey,star_wars,0.999201774597168,0.0007982254028320312,star_wars
Superboy-Prime,dc,0.9992193579673767,0.000780642032623291,dc
Jessica Cruz,dc,0.999221682548523,0.0007783174514770508,dc
Elongated Man,dc,0.9992232918739319,0.0007767081260681152,dc
Kate Kane,dc,0.9992237687110901,0.0007762312889099121,dc
Black Lightning,dc,0.9992262721061707,0.0007737278938293457,dc
Kilowog,dc,0.999230146408081,0.0007698535919189453,dc
Chewbacca,star_wars,0.9992303848266602,0.0007696151733398438,star_wars
Thundra,marvel,0.9992368221282959,0.0007631778717041016,marvel
Blade,marvel,0.9992420673370361,0.0007579326629638672,marvel
Rickert,anime,0.9992425441741943,0.0007574558258056641,anime
Clayface,dc,0.9992426037788391,0.0007573962211608887,dc
Black Widow,marvel,0.9992475509643555,0.0007524490356445312,marvel
Man-Thing,marvel,0.9992489814758301,0.0007510185241699219,marvel
Bullseye,marvel,0.9992561340332031,0.000743865966796875,marvel
Gorilla Grodd,dc,0.9992572069168091,0.000742793083190918,dc
Superman Prime One-Million,dc,0.9992583990097046,0.0007416009902954102,dc
Darkhawk,marvel,0.9992589354515076,0.0007410645484924316,marvel
Venom II,marvel,0.9992644786834717,0.0007355213165283203,marvel
Moon Knight,marvel,0.9992689490318298,0.000731050968170166,marvel
Khan Noonien Singh,star_trek,0.9992735385894775,0.0007264614105224609,star_trek
Professor Zoom,dc,0.9992753863334656,0.0007246136665344238,dc
Wally West,dc,0.9992784857749939,0.0007215142250061035,dc
Krypto,dc,0.9992793798446655,0.0007206201553344727,dc
Spider-Man Noir 3,marvel,0.9992796182632446,0.0007203817367553711,marvel
Spider-Man Noir 2,marvel,0.9992796182632446,0.0007203817367553711,marvel
Galactus,marvel,0.9992821216583252,0.0007178783416748047,marvel
Alan Scott,dc,0.9992823600769043,0.0007176399230957031,dc
C-3PO,star_wars,0.9992843270301819,0.0007156729698181152,star_wars
King Shark,dc,0.9992857575416565,0.0007142424583435059,dc
Thing,marvel,0.9992898106575012,0.0007101893424987793,marvel
Kira Nerys,star_trek,0.9992901682853699,0.000709831714630127,star_trek
Übel,anime,0.9992918968200684,0.0007081031799316406,anime
Shadowcat,marvel,0.9992939233779907,0.0007060766220092773,marvel
Hela,marvel,0.9992951154708862,0.0007048845291137695,marvel
Speed-o'-Sound Sonic,anime,0.9992992281913757,0.0007007718086242676,anime
Molecule Man,marvel,0.99930340051651,0.0006965994834899902,marvel
Namora,marvel,0.9993034601211548,0.0006965398788452148,marvel
Han Solo,star_wars,0.999305248260498,0.0006947517395019531,star_wars
Eclipso,dc,0.9993053078651428,0.0006946921348571777,dc
Ant-Man II,marvel,0.9993087649345398,0.0006912350654602051,marvel
Setsuko,anime,0.9993091225624084,0.0006908774375915527,anime
Batman,dc,0.9993135929107666,0.0006864070892333984,dc
Gabriel Lorca,star_trek,0.9993141889572144,0.0006858110427856445,star_trek
Mysterio,marvel,0.9993196725845337,0.0006803274154663086,marvel
Montgomery Scott,star_trek,0.999322772026062,0.0006772279739379883,star_trek
Exodus,marvel,0.9993237853050232,0.0006762146949768066,marvel
Sage,marvel,0.9993261098861694,0.0006738901138305664,marvel
Invisible Woman,marvel,0.9993267059326172,0.0006732940673828125,marvel
Tiger Shark,marvel,0.9993278384208679,0.0006721615791320801,marvel
Gladio,anime,0.9993300437927246,0.0006699562072753906,anime
Batgirl,dc,0.9993326663970947,0.0006673336029052734,dc
Living Tribunal,marvel,0.9993336796760559,0.0006663203239440918,marvel
Multiple Man,marvel,0.9993354082107544,0.0006645917892456055,marvel
Red She-Hulk,marvel,0.9993362426757812,0.00066375732421875,marvel
Beta Ray Bill,marvel,0.9993364214897156,0.0006635785102844238,marvel
Vision,marvel,0.9993367791175842,0.0006632208824157715,marvel
Deathstroke,dc,0.9993374347686768,0.0006625652313232422,dc
"Corrigan, Jim",dc,0.9993385672569275,0.0006614327430725098,dc
Killer Croc,dc,0.999342143535614,0.0006578564643859863,dc
Doctor Octopus,marvel,0.9993422627449036,0.0006577372550964355,marvel
Purple Man,marvel,0.9993442893028259,0.0006557106971740723,marvel
Mystique,marvel,0.9993447661399841,0.0006552338600158691,marvel
Hikaru Sulu,star_trek,0.9993464350700378,0.0006535649299621582,star_trek
Rocket Raccoon,marvel,0.9993513822555542,0.0006486177444458008,marvel
Agent Zero,marvel,0.9993544816970825,0.0006455183029174805,marvel
Black Canary,dc,0.9993579387664795,0.0006420612335205078,dc
Tim Drake,dc,0.9993596076965332,0.0006403923034667969,dc
Aquaman,dc,0.9993619918823242,0.0006380081176757812,dc
Faora,dc,0.9993627071380615,0.0006372928619384766,dc
Mister Mxyzptlk,dc,0.9993628263473511,0.0006371736526489258,dc
Julian Bashir,star_trek,0.9993666410446167,0.0006333589553833008,star_trek
Two-Face,dc,0.9993675947189331,0.0006324052810668945,dc
"Horse, Hol",anime,0.9993680715560913,0.0006319284439086914,anime
Scorpia,marvel,0.9993680715560913,0.0006319284439086914,marvel
Deadshot,dc,0.9993693232536316,0.0006306767463684082,dc
M'Baku,marvel,0.9993720650672913,0.0006279349327087402,marvel
Rachel Summers,marvel,0.9993771314620972,0.000622868537902832,marvel
"Huan, Yi",anime,0.9993823170661926,0.000617682933807373,anime
Snowbird,marvel,0.999382495880127,0.0006175041198730469,marvel
General Zod,dc,0.9993826746940613,0.0006173253059387207,dc
Molten Man,marvel,0.9993839859962463,0.0006160140037536621,marvel
Nightwing,dc,0.9993847012519836,0.0006152987480163574,dc
X-23,marvel,0.999384880065918,0.0006151199340820312,marvel
Hawkeye II,marvel,0.999384880065918,0.0006151199340820312,marvel
Michael Burnham,star_trek,0.9993849992752075,0.0006150007247924805,star_trek
William T. Riker,star_trek,0.9993892312049866,0.0006107687950134277,star_trek
Alfred Pennyworth,dc,0.9993903636932373,0.0006096363067626953,dc
Doc Samson,marvel,0.9993911981582642,0.0006088018417358398,marvel
Mephisto,marvel,0.9993923306465149,0.0006076693534851074,marvel
Man-Wolf,marvel,0.9993925094604492,0.0006074905395507812,marvel
Hal Jordan,dc,0.9993935823440552,0.0006064176559448242,dc
Morlun,marvel,0.9993966221809387,0.0006033778190612793,marvel
Worf,star_trek,0.9993971586227417,0.0006028413772583008,star_trek
Hellcat,marvel,0.9993972778320312,0.00060272216796875,marvel
Bloodhawk,marvel,0.9994000792503357,0.0005999207496643066,marvel
Blue Beetle,dc,0.9994003772735596,0.0005996227264404297,dc
Knull,marvel,0.9994003772735596,0.0005996227264404297,marvel
Zatanna,dc,0.9994010925292969,0.000598907470703125,dc
Madelyne Pryor,marvel,0.9994037747383118,0.0005962252616882324,marvel
Psylocke,marvel,0.9994046688079834,0.0005953311920166016,marvel
Tuvok,star_trek,0.9994058012962341,0.0005941987037658691,star_trek
Demogoblin,marvel,0.9994067549705505,0.0005932450294494629,marvel
Nick Fury,marvel,0.9994067549705505,0.0005932450294494629,marvel
"Tomoe, Hotaru",anime,0.999407172203064,0.0005928277969360352,anime
Ra's al Ghul,dc,0.9994083642959595,0.0005916357040405273,dc
Nightcrawler,marvel,0.9994103908538818,0.0005896091461181641,marvel
Fin Fang Foom,marvel,0.9994106292724609,0.0005893707275390625,marvel
"Nomura, Tomoko",anime,0.9994114637374878,0.000588536262512207,anime
Mace Windu,star_wars,0.9994128942489624,0.0005871057510375977,star_wars
"Akagi, Ritsuko",anime,0.999413251876831,0.0005867481231689453,anime
Spider-Man 2099,marvel,0.9994156956672668,0.0005843043327331543,marvel
Blob,marvel,0.9994165897369385,0.0005834102630615234,marvel
Kylo Ren,star_wars,0.999419093132019,0.000580906867980957,star_wars
Doctor Fate,dc,0.9994203448295593,0.0005796551704406738,dc
Ariel,marvel,0.9994208812713623,0.0005791187286376953,marvel
Jonathan Archer,star_trek,0.9994215965270996,0.0005784034729003906,star_trek
Sentry,marvel,0.999423086643219,0.0005769133567810059,marvel
Beast,marvel,0.999423623085022,0.0005763769149780273,marvel
Shatterstar,marvel,0.9994263052940369,0.0005736947059631348,marvel
MODOK,marvel,0.9994267225265503,0.000573277473449707,marvel
Medusa,marvel,0.9994275569915771,0.0005724430084228516,marvel
Thanos,marvel,0.9994288086891174,0.0005711913108825684,marvel
Kraven the Hunter,marvel,0.9994329214096069,0.0005670785903930664,marvel
"Tomoe, Mami",anime,0.9994335174560547,0.0005664825439453125,anime
Hulk,marvel,0.9994361400604248,0.0005638599395751953,marvel
Julia Cornwall,marvel,0.9994398951530457,0.0005601048469543457,marvel
Whis,anime,0.9994406700134277,0.0005593299865722656,anime
Hawkman,dc,0.9994423389434814,0.0005576610565185547,dc
Red Hulk,marvel,0.9994432926177979,0.0005567073822021484,marvel
Hydro-Man,marvel,0.9994438886642456,0.0005561113357543945,marvel
Northstar,marvel,0.9994457364082336,0.0005542635917663574,marvel
Sunfire,marvel,0.9994482398033142,0.000551760196685791,marvel
Green Arrow,dc,0.9994487166404724,0.0005512833595275879,dc
The Flash,dc,0.999448835849762,0.0005511641502380371,dc
Hybrid,marvel,0.9994492530822754,0.0005507469177246094,marvel
Luke Cage,marvel,0.999449610710144,0.000550389289855957,marvel
Mister Fantastic,marvel,0.9994509220123291,0.0005490779876708984,marvel
Spider-Ham,marvel,0.9994518756866455,0.0005481243133544922,marvel
Bulma,anime,0.999453067779541,0.0005469322204589844,anime
Obi-Wan Kenobi,star_wars,0.9994583129882812,0.00054168701171875,star_wars
Chakotay,star_trek,0.999459981918335,0.0005400180816650391,star_trek
Sentinel,marvel,0.9994615316390991,0.0005384683609008789,marvel
Data,star_trek,0.9994617104530334,0.0005382895469665527,star_trek
Talia al Ghul,dc,0.9994663596153259,0.0005336403846740723,dc
Sabretooth,marvel,0.9994702339172363,0.0005297660827636719,marvel
Wonder Man,marvel,0.9994707107543945,0.0005292892456054688,marvel
Punisher,marvel,0.9994708299636841,0.000529170036315918,marvel
Riddler,dc,0.9994721412658691,0.0005278587341308594,dc
Hugo Strange,dc,0.9994726181030273,0.0005273818969726562,dc
Wonder Woman,dc,0.9994730353355408,0.0005269646644592285,dc
Quicksilver,marvel,0.9994747638702393,0.0005252361297607422,marvel
Deanna Troi,star_trek,0.9994761943817139,0.0005238056182861328,star_trek
Onslaught,marvel,0.9994775056838989,0.0005224943161010742,marvel
Nyota Uhura,star_trek,0.9994782209396362,0.0005217790603637695,star_trek
Attuma,marvel,0.9994791150093079,0.0005208849906921387,marvel
Silverclaw,marvel,0.9994798898696899,0.0005201101303100586,marvel
Lex Luthor,dc,0.9994800090789795,0.0005199909210205078,dc
Shrinking Ray,anime,0.999481201171875,0.000518798828125,anime
Jet Black,anime,0.9994821548461914,0.0005178451538085938,anime
Darth Maul,star_wars,0.9994832277297974,0.0005167722702026367,star_wars
Venom (Eddie Brock),marvel,0.9994848966598511,0.0005151033401489258,marvel
Tom Paris,star_trek,0.9994863271713257,0.0005136728286743164,star_trek
"Attenborough, Dusty",anime,0.9994864463806152,0.0005135536193847656,anime
Barry Allen,dc,0.9994874596595764,0.000512540340423584,dc
Worldbreaker Hulk,marvel,0.9994900226593018,0.0005099773406982422,marvel
Human Torch,marvel,0.9994910359382629,0.0005089640617370605,marvel
Ultron,marvel,0.9994921088218689,0.0005078911781311035,marvel
Miles Morales,marvel,0.9994926452636719,0.000507354736328125,marvel
"Gecko, Moria",anime,0.9994949698448181,0.0005050301551818848,anime
Geordi La Forge,star_trek,0.9994957447052002,0.0005042552947998047,star_trek
Emma Frost,marvel,0.9994959831237793,0.0005040168762207031,marvel
"Wakamiya, Shinobu",anime,0.999497652053833,0.0005023479461669922,anime
Legion,marvel,0.999498188495636,0.0005018115043640137,marvel
"Trussardi, Tonio",anime,0.9994994401931763,0.0005005598068237305,anime
Trip Tucker,star_trek,0.9995007514953613,0.0004992485046386719,star_trek
Captain America,marvel,0.9995015859603882,0.0004984140396118164,marvel
Lois Lane,dc,0.9995061159133911,0.0004938840866088867,dc
Kyon,anime,0.9995104074478149,0.0004895925521850586,anime
R2-D2,star_wars,0.999510645866394,0.000489354133605957,star_wars
Joker,dc,0.9995118975639343,0.00048810243606567383,dc
Kia the World Word,anime,0.9995128512382507,0.0004871487617492676,anime
Wolfsbane,marvel,0.9995142221450806,0.0004857778549194336,marvel
"Kamishiro, Rize",anime,0.9995148181915283,0.0004851818084716797,anime
Harley Quinn,dc,0.9995158910751343,0.00048410892486572266,dc
Ronan the Accuser,marvel,0.9995169043540955,0.000483095645904541,marvel
Kaine Parker,marvel,0.9995181560516357,0.0004818439483642578,marvel
Superman,dc,0.9995187520980835,0.0004812479019165039,dc
Madame Web,marvel,0.9995208978652954,0.00047910213470458984,marvel
Luke Skywalker,star_wars,0.9995222091674805,0.00047779083251953125,star_wars
Coco,anime,0.9995236396789551,0.0004763603210449219,anime
Mr. Freeze,dc,0.9995250105857849,0.0004749894142150879,dc
Angel Dust,marvel,0.9995258450508118,0.0004741549491882324,marvel
She-Hulk,marvel,0.9995274543762207,0.0004725456237792969,marvel
Iron Man,marvel,0.9995278120040894,0.00047218799591064453,marvel
Sebastian Shaw,marvel,0.9995279312133789,0.00047206878662109375,marvel
Darth Sidious,star_wars,0.9995289444923401,0.0004710555076599121,star_wars
Plantman,marvel,0.9995296001434326,0.0004703998565673828,marvel
Havok,marvel,0.9995307326316833,0.0004692673683166504,marvel
Abomination,marvel,0.9995315074920654,0.0004684925079345703,marvel
Darkstar,marvel,0.9995326995849609,0.0004673004150390625,marvel
Tsunade,anime,0.999534547328949,0.0004654526710510254,anime
Harry Kim,star_trek,0.9995375275611877,0.00046247243881225586,star_trek
Ryuk,anime,0.9995409846305847,0.0004590153694152832,anime
Egami,anime,0.9995423555374146,0.0004576444625854492,anime
Mr Immortal,marvel,0.999542772769928,0.0004572272300720215,marvel
Daredevil,marvel,0.9995443224906921,0.00045567750930786133,marvel
Misty,anime,0.9995448589324951,0.0004551410675048828,anime
Sunspot,marvel,0.99954754114151,0.00045245885848999023,marvel
"Hiyajou, Maho",anime,0.999548077583313,0.0004519224166870117,anime
Piccolo,anime,0.9995487332344055,0.0004512667655944824,anime
Anti-Venom,marvel,0.9995518326759338,0.0004481673240661621,marvel
Spike Spiegel,anime,0.9995529651641846,0.0004470348358154297,anime
Brock,anime,0.9995540380477905,0.00044596195220947266,anime
Vanisher,marvel,0.9995563626289368,0.0004436373710632324,marvel
Spider-Man Noir,marvel,0.9995579719543457,0.0004420280456542969,marvel
Pikachu,anime,0.9995592832565308,0.0004407167434692383,anime
Iceman,marvel,0.9995594024658203,0.0004405975341796875,marvel
Yoda,star_wars,0.9995641708374023,0.00043582916259765625,star_wars
Barbara Gordon,dc,0.9995642900466919,0.00043570995330810547,dc
Beam,anime,0.9995651841163635,0.0004348158836364746,anime
"Lamperouge, Lelouch",anime,0.999570906162262,0.0004290938377380371,anime
Yogiri Takatou,anime,0.9995729923248291,0.00042700767517089844,anime
"Yuurakutei, Yakumo",anime,0.9995735883712769,0.00042641162872314453,anime
Chamber,marvel,0.9995754957199097,0.00042450428009033203,marvel
"Oshino, Meme",anime,0.9995759129524231,0.0004240870475769043,anime
"He Liao, Diao",anime,0.9995766282081604,0.0004233717918395996,anime
"Gong, Biao",anime,0.9995840191841125,0.00041598081588745117,anime
Rimuru Tempest,anime,0.9995851516723633,0.00041484832763671875,anime
"Oshino, Shinobu",anime,0.9995852708816528,0.00041472911834716797,anime
Nico Robin,anime,0.9995863437652588,0.00041365623474121094,anime
"Higuchi, Seitarou",anime,0.9995896220207214,0.00041037797927856445,anime
"Hayasaka, Ritsu",anime,0.9995898604393005,0.0004101395606994629,anime
Red Rush,anime,0.9995914101600647,0.00040858983993530273,anime
"Ookido, Shigeru",anime,0.9995940923690796,0.00040590763092041016,anime
"Hatter, Sophie",anime,0.9995943307876587,0.0004056692123413086,anime
"Hayashida, Takashi",anime,0.9995954036712646,0.00040459632873535156,anime
"Azusagawa, Kaede",anime,0.9995954632759094,0.00040453672409057617,anime
Faye Valentine,anime,0.99959796667099,0.00040203332901000977,anime
"Matsumoto, Rangiku",anime,0.999599039554596,0.00040096044540405273,anime
"Pixis, Dot",anime,0.999599814414978,0.00040018558502197266,anime
Edward Wong,anime,0.9996024370193481,0.00039756298065185547,anime
"Hino, Rei",anime,0.9996026754379272,0.0003973245620727539,anime
Shikamaru Nara,anime,0.9996061325073242,0.00039386749267578125,anime
"Galliard, Porco",anime,0.99960857629776,0.00039142370223999023,anime
Escanor,anime,0.9996088147163391,0.00039118528366088867,anime
Kanata (Re:Monster),anime,0.9996091723442078,0.00039082765579223633,anime
"Akiha, Rumiho",anime,0.9996098279953003,0.00039017200469970703,anime
"Urameshi, Yuusuke",anime,0.9996110796928406,0.00038892030715942383,anime
"Hadou, Nejire",anime,0.9996132850646973,0.0003867149353027344,anime
"Hayakawa, Aki",anime,0.9996134638786316,0.0003865361213684082,anime
Portgas D. Ace,anime,0.999613881111145,0.00038611888885498047,anime
Leorio Paradinight,anime,0.9996141791343689,0.0003858208656311035,anime
Hajime Nagumo,anime,0.9996143579483032,0.00038564205169677734,anime
Reze,anime,0.9996150732040405,0.00038492679595947266,anime
"Wammy, Quillsh",anime,0.9996158480644226,0.0003841519355773926,anime
"Ooki, Taiju",anime,0.9996159076690674,0.0003840923309326172,anime
Snake,anime,0.9996163845062256,0.00038361549377441406,anime
"Armstrong, Olivier Mira",anime,0.9996169805526733,0.00038301944732666016,anime
Tenshinhan,anime,0.9996174573898315,0.00038254261016845703,anime
Eto Yoshimura,anime,0.999617874622345,0.0003821253776550293,anime
Hack,anime,0.9996180534362793,0.0003819465637207031,anime
Gilgamesh,anime,0.9996180534362793,0.0003819465637207031,anime
Judeau,anime,0.9996188879013062,0.00038111209869384766,anime
"Kaname, Junko",anime,0.9996193647384644,0.00038063526153564453,anime
"Hohenheim, Van",anime,0.9996194243431091,0.00038057565689086914,anime
Mari Illustrious Makinami,anime,0.999620258808136,0.00037974119186401367,anime
Flio,anime,0.9996206164360046,0.00037938356399536133,anime
"Tims, Chilchuck",anime,0.9996206760406494,0.00037932395935058594,anime
Ash Ketchum,anime,0.9996212720870972,0.00037872791290283203,anime
"Elric, Alphonse",anime,0.9996216297149658,0.0003783702850341797,anime
Dimple,anime,0.9996235370635986,0.0003764629364013672,anime
Vegeta,anime,0.9996236562728882,0.0003763437271118164,anime
"Shimada, Kai",anime,0.9996240139007568,0.00037598609924316406,anime
"Naganohara, Mio",anime,0.9996246695518494,0.00037533044815063477,anime
"Misora, Naomi",anime,0.9996247887611389,0.000375211238861084,anime
"Nijimura, Okuyasu",anime,0.9996248483657837,0.0003751516342163086,anime
Angel Devil,anime,0.9996257424354553,0.00037425756454467773,anime
Jinbe,anime,0.9996259212493896,0.00037407875061035156,anime
"Imai, Nobume",anime,0.9996267557144165,0.0003732442855834961,anime
Pochita,anime,0.9996286630630493,0.0003713369369506836,anime
Saitama,anime,0.9996287822723389,0.0003712177276611328,anime
Shin (The New Gate),anime,0.9996287822723389,0.0003712177276611328,anime
Raditz,anime,0.999629557132721,0.00037044286727905273,anime
Kaneda,anime,0.9996297359466553,0.00037026405334472656,anime
Cid Kagenou,anime,0.9996306896209717,0.0003693103790283203,anime
Tanya Degurechaff,anime,0.9996309876441956,0.00036901235580444336,anime
Gluttony,anime,0.9996310472488403,0.00036895275115966797,anime
"Hazama, Nobunaga",anime,0.9996310472488403,0.00036895275115966797,anime
Android 17,anime,0.999631404876709,0.0003685951232910156,anime
"Chang, Mei",anime,0.9996318221092224,0.0003681778907775879,anime
Ino Yamanaka,anime,0.9996318817138672,0.0003681182861328125,anime
Arnold,anime,0.9996320009231567,0.0003679990768432617,anime
"Jeevas, Mail",anime,0.9996322393417358,0.00036776065826416016,anime
"Hachikuji, Mayoi",anime,0.9996325969696045,0.0003674030303955078,anime
"Mills, Andrew Gilbert",anime,0.9996327757835388,0.00036722421646118164,anime
"Date, Eiji",anime,0.9996328353881836,0.00036716461181640625,anime
"Souma, Ayame",anime,0.9996335506439209,0.00036644935607910156,anime
Johnny,anime,0.9996335506439209,0.00036644935607910156,anime
"Tokitou, Muichirou",anime,0.9996341466903687,0.00036585330963134766,anime
"Matsudaira, Katakuriko",anime,0.9996342062950134,0.00036579370498657227,anime
Rock Lee,anime,0.9996342658996582,0.0003657341003417969,anime
Guts,anime,0.999634861946106,0.00036513805389404297,anime
"Meng, Tian",anime,0.9996349215507507,0.0003650784492492676,anime
"Heiderich, Alfons",anime,0.9996352195739746,0.0003647804260253906,anime
Videl,anime,0.9996355772018433,0.0003644227981567383,anime
"May, Shao",anime,0.9996355772018433,0.0003644227981567383,anime
"Alniño, Emporio",anime,0.9996358156204224,0.0003641843795776367,anime
"Lei, Qiang",anime,0.9996359348297119,0.00036406517028808594,anime
"Hoshino, Ruby",anime,0.9996359348297119,0.00036406517028808594,anime
"Iguro, Obanai",anime,0.999636173248291,0.0003638267517089844,anime
"Tokito, Muichiro",anime,0.9996362924575806,0.0003637075424194336,anime
"Sakamoto, Tatsuma",anime,0.9996364116668701,0.0003635883331298828,anime
Flamme,anime,0.9996364116668701,0.0003635883331298828,anime
Sanji,anime,0.999636709690094,0.00036329030990600586,anime
Yuki Nagato,anime,0.9996367692947388,0.00036323070526123047,anime
"Tsuboi, Ryoutarou",anime,0.9996368885040283,0.0003631114959716797,anime
"Costello, Ermes",anime,0.9996368885040283,0.0003631114959716797,anime
Tetsuo Shima,anime,0.9996371269226074,0.0003628730773925781,anime
"Magkav, Phinks",anime,0.9996371269226074,0.0003628730773925781,anime
"Kino, Makoto",anime,0.9996371865272522,0.00036281347274780273,anime
Envy,anime,0.999637246131897,0.00036275386810302734,anime
Ainz Ooal Gown,anime,0.9996373653411865,0.00036263465881347656,anime
"Hill, Pariston",anime,0.9996373653411865,0.00036263465881347656,anime
"Edward, Elric",anime,0.9996374845504761,0.0003625154495239258,anime
Shoko Makinohara,anime,0.9996374845504761,0.0003625154495239258,anime
"Guatiche, Pesche",anime,0.9996374845504761,0.0003625154495239258,anime
"Ubuyashiki, Kagaya",anime,0.9996376633644104,0.0003623366355895996,anime
"Hirose, Kouichi",anime,0.9996377229690552,0.0003622770309448242,anime
"Bradley, King",anime,0.9996378421783447,0.00036215782165527344,anime
Best Jeanist,anime,0.9996379017829895,0.00036209821701049805,anime
Haruhi Suzumiya,anime,0.9996379613876343,0.00036203861236572266,anime
"Greyrat, Rudeus",anime,0.9996379613876343,0.00036203861236572266,anime
Dragon Shiryu,anime,0.9996380805969238,0.0003619194030761719,anime
Harold,anime,0.9996380805969238,0.0003619194030761719,anime
Jiang Yanli,anime,0.9996380805969238,0.0003619194030761719,anime
"Nakagawa, Natsuki",anime,0.9996380805969238,0.0003619194030761719,anime
"Tsukimoto, Makoto",anime,0.9996381402015686,0.0003618597984313965,anime
"Silvers, Rayleigh",anime,0.9996381998062134,0.0003618001937866211,anime
"Basterbine, Bambietta",anime,0.9996381998062134,0.0003618001937866211,anime
Sachi,anime,0.9996381998062134,0.0003618001937866211,anime
"Shinonome, Nano",anime,0.9996383190155029,0.0003616809844970703,anime
Haku,anime,0.9996383190155029,0.0003616809844970703,anime
Kagura,anime,0.9996384382247925,0.00036156177520751953,anime
"Shinonome, Hakase",anime,0.999638557434082,0.00036144256591796875,anime
Satoru Gojo,anime,0.9996386170387268,0.00036138296127319336,anime
Queen,anime,0.9996386766433716,0.00036132335662841797,anime
"Aoki, Masaru",anime,0.9996386766433716,0.00036132335662841797,anime
"Gaen, Izuko",anime,0.9996386766433716,0.00036132335662841797,anime
Okiku,anime,0.9996387958526611,0.0003612041473388672,anime
"Souma, Hatori",anime,0.9996389150619507,0.0003610849380493164,anime
"McCarnathy, Morel",anime,0.9996389150619507,0.0003610849380493164,anime
Jealousy,anime,0.9996390342712402,0.0003609657287597656,anime
Itsuki Koizumi,anime,0.9996390342712402,0.0003609657287597656,anime
Trafalgar D. Water Law,anime,0.9996390342712402,0.0003609657287597656,anime
"Tange, Danpei",anime,0.9996390342712402,0.0003609657287597656,anime
Mello,anime,0.9996390342712402,0.0003609657287597656,anime
Rem,anime,0.9996391534805298,0.00036084651947021484,anime
Kaworu Nagisa,anime,0.9996392726898193,0.00036072731018066406,anime
"Curtis, Izumi",anime,0.9996392726898193,0.00036072731018066406,anime
"Komachine, Machi",anime,0.9996392726898193,0.00036072731018066406,anime
Heiter,anime,0.9996392726898193,0.00036072731018066406,anime
Rei Ayanami,anime,0.9996392726898193,0.00036072731018066406,anime
Gaara,anime,0.9996393918991089,0.0003606081008911133,anime
Goku,anime,0.9996393918991089,0.0003606081008911133,anime
"Kibutsuji, Muzan",anime,0.9996393918991089,0.0003606081008911133,anime
Till,anime,0.9996393918991089,0.0003606081008911133,anime
Misa Amane,anime,0.9996393918991089,0.0003606081008911133,anime
"Shigaraki, Tomura",anime,0.9996393918991089,0.0003606081008911133,anime
"Yamada, Ryou",anime,0.9996395111083984,0.0003604888916015625,anime
"Souya, Touji",anime,0.9996395111083984,0.0003604888916015625,anime
Kenpachi Zaraki,anime,0.9996395111083984,0.0003604888916015625,anime
Casca,anime,0.999639630317688,0.0003603696823120117,anime
"Zeppeli, Gyro",anime,0.999639630317688,0.0003603696823120117,anime
"Oikura, Sodachi",anime,0.999639630317688,0.0003603696823120117,anime
Yamcha,anime,0.999639630317688,0.0003603696823120117,anime
Kagura Sohma,anime,0.999639630317688,0.0003603696823120117,anime
Might Guy,anime,0.9996396899223328,0.00036031007766723633,anime
Hoshi Kirara,anime,0.9996397495269775,0.00036025047302246094,anime
Kushina Uzumaki,anime,0.9996397495269775,0.00036025047302246094,anime
Nagato,anime,0.9996397495269775,0.00036025047302246094,anime
"Zacharias, Mike",anime,0.9996397495269775,0.00036025047302246094,anime
Berserker,anime,0.9996397495269775,0.00036025047302246094,anime
"Murasaki, Shizuku",anime,0.9996397495269775,0.00036025047302246094,anime
Takenori Akagi,anime,0.9996397495269775,0.00036025047302246094,anime
Diane,anime,0.9996398091316223,0.00036019086837768555,anime
Ippo Makunouchi,anime,0.9996398091316223,0.00036019086837768555,anime
"Baumann, Frederica",anime,0.9996398687362671,0.00036013126373291016,anime
"Harribel, Tier",anime,0.9996398687362671,0.00036013126373291016,anime
"Yakushi, Kabuto",anime,0.9996398687362671,0.00036013126373291016,anime
"Shijou, Maki",anime,0.9996399283409119,0.00036007165908813477,anime
"Ki El Dogra, Baka",anime,0.9996399283409119,0.00036007165908813477,anime
"Arisawa, Tatsuki",anime,0.9996399879455566,0.0003600120544433594,anime
"Xiao, Yan",anime,0.9996399879455566,0.0003600120544433594,anime
"Ferrari, Akira E.",anime,0.9996399879455566,0.0003600120544433594,anime
"Yukishiro, Tomoe",anime,0.9996399879455566,0.0003600120544433594,anime
Toushirou Hitsugaya,anime,0.9996399879455566,0.0003600120544433594,anime
Itachi Uchiha,anime,0.9996399879455566,0.0003600120544433594,anime
Usopp,anime,0.9996401071548462,0.0003598928451538086,anime
Eri,anime,0.9996401071548462,0.0003598928451538086,anime
Crocodile,anime,0.9996401071548462,0.0003598928451538086,anime
"Bachika, Kittan",anime,0.9996401071548462,0.0003598928451538086,anime
Kohaku,anime,0.9996401071548462,0.0003598928451538086,anime
Chrollo Lucilfer,anime,0.9996401071548462,0.0003598928451538086,anime
"Velvet, Waver",anime,0.9996401071548462,0.0003598928451538086,anime
"von Mariendorf, Hildegard",anime,0.9996401071548462,0.0003598928451538086,anime
Zenin Maki,anime,0.9996401071548462,0.0003598928451538086,anime
Giyu Tomioka,anime,0.9996401071548462,0.0003598928451538086,anime
Shinji Ikari,anime,0.9996401071548462,0.0003598928451538086,anime
North #2,anime,0.9996401071548462,0.0003598928451538086,anime
"Bakugou, Katsuki",anime,0.9996401071548462,0.0003598928451538086,anime
"Manabe, Kakeru",anime,0.9996401071548462,0.0003598928451538086,anime
Sylphiette,anime,0.9996401071548462,0.0003598928451538086,anime
Shi Qingxuan,anime,0.9996401071548462,0.0003598928451538086,anime
Erisfa,anime,0.9996401071548462,0.0003598928451538086,anime
"Tenou, Haruka",anime,0.9996401071548462,0.0003598928451538086,anime
Yamada Anna,anime,0.9996401071548462,0.0003598928451538086,anime
Suzune Horikita,anime,0.9996401071548462,0.0003598928451538086,anime
Mitchell Leonard,anime,0.9996401071548462,0.0003598928451538086,anime
"Senju, Tobirama",anime,0.9996401071548462,0.0003598928451538086,anime
Langa,anime,0.9996401071548462,0.0003598928451538086,anime
"Kirishima, Touka",anime,0.9996401071548462,0.0003598928451538086,anime
Waguri Kaoruko,anime,0.9996401071548462,0.0003598928451538086,anime
Hades,anime,0.9996401071548462,0.0003598928451538086,anime
Shunsui Kyoraku,anime,0.9996401071548462,0.0003598928451538086,anime
Futaba Rio,anime,0.9996401071548462,0.0003598928451538086,anime
"Fujimura, Taiga",anime,0.9996401071548462,0.0003598928451538086,anime
Marechiyo Omaeda,anime,0.9996401071548462,0.0003598928451538086,anime
Galgali,anime,0.9996401071548462,0.0003598928451538086,anime
"Okumura, Eiji",anime,0.9996401071548462,0.0003598928451538086,anime
Enkubota,anime,0.9996401071548462,0.0003598928451538086,anime
"Nanba, Hibito",anime,0.9996401071548462,0.0003598928451538086,anime
Beatrice,anime,0.9996401071548462,0.0003598928451538086,anime
"Tsukamoto, Shuuichi",anime,0.9996401071548462,0.0003598928451538086,anime
Thirteen,anime,0.9996401071548462,0.0003598928451538086,anime
Gintoki Sakata,anime,0.9996401071548462,0.0003598928451538086,anime
Jiraiya,anime,0.9996401071548462,0.0003598928451538086,anime
Kobuchizawa Shirase,anime,0.9996401071548462,0.0003598928451538086,anime
Sung IlHwan,anime,0.9996401071548462,0.0003598928451538086,anime
"Hanazawa, Teruki",anime,0.9996401071548462,0.0003598928451538086,anime
Izuku Midoriya,anime,0.9996401071548462,0.0003598928451538086,anime
"Haschwalth, Jugram",anime,0.9996401071548462,0.0003598928451538086,anime
Naofumi Iwatani,anime,0.9996401071548462,0.0003598928451538086,anime
Mizi,anime,0.9996401071548462,0.0003598928451538086,anime
Rafal,anime,0.9996401071548462,0.0003598928451538086,anime
"Evergarden, Violet",anime,0.9996401071548462,0.0003598928451538086,anime
Hall Audrey,anime,0.9996401071548462,0.0003598928451538086,anime
Aizawa,anime,0.9996401071548462,0.0003598928451538086,anime
Armin Arlert,anime,0.9996401071548462,0.0003598928451538086,anime
"Kingsley, Julius",anime,0.9996401071548462,0.0003598928451538086,anime
"Kagura, Hikari",anime,0.9996401071548462,0.0003598928451538086,anime
Makoto Misumi,anime,0.9996401071548462,0.0003598928451538086,anime
"Charlotte, Pudding",anime,0.9996401071548462,0.0003598928451538086,anime
Saionji Ukyou,anime,0.9996401071548462,0.0003598928451538086,anime
"Bakugou, Mitsuki",anime,0.9996401071548462,0.0003598928451538086,anime
"Dreyse, Hitch",anime,0.9996401071548462,0.0003598928451538086,anime
"Kuroko, Tetsuya",anime,0.9996401071548462,0.0003598928451538086,anime
"Uchiha, Sarada",anime,0.9996401071548462,0.0003598928451538086,anime
"Tsumugiya, Ururu",anime,0.9996401071548462,0.0003598928451538086,anime
"Mizuno, Ami",anime,0.9996401071548462,0.0003598928451538086,anime
Roronoa Zoro,anime,0.9996401071548462,0.0003598928451538086,anime
Igris,anime,0.9996401071548462,0.0003598928451538086,anime
Yami Sukehiro,anime,0.9996401071548462,0.0003598928451538086,anime
Menthuthuyoupi,anime,0.9996401071548462,0.0003598928451538086,anime
"Nagachika, Hideyoshi",anime,0.9996401071548462,0.0003598928451538086,anime
"Shinoda, Miu",anime,0.9996401071548462,0.0003598928451538086,anime
Hinata Shoyamada,anime,0.9996401071548462,0.0003598928451538086,anime
"Nara, Shikaku",anime,0.9996401071548462,0.0003598928451538086,anime
"Kishirisu, Kishirika",anime,0.9996401071548462,0.0003598928451538086,anime
Hanamichi Sakuragi,anime,0.9996401071548462,0.0003598928451538086,anime
Urahara Kisuke,anime,0.9996401071548462,0.0003598928451538086,anime
"Yokosuka, Jou",anime,0.9996401071548462,0.0003598928451538086,anime
"Tendou, Satori",anime,0.9996401071548462,0.0003598928451538086,anime
"Yoroizuka, Mizore",anime,0.9996401071548462,0.0003598928451538086,anime
"Ushijima, Wakatoshi",anime,0.9996401071548462,0.0003598928451538086,anime
Kishibe,anime,0.9996401071548462,0.0003598928451538086,anime
"Nero, Risotto",anime,0.9996401071548462,0.0003598928451538086,anime
Tetia,anime,0.9996401071548462,0.0003598928451538086,anime
Tamaki Kotatsu,anime,0.9996401071548462,0.0003598928451538086,anime
"Baudelaire, Cattleya",anime,0.9996401071548462,0.0003598928451538086,anime
Minakata Hizuru,anime,0.9996401071548462,0.0003598928451538086,anime
Falco,anime,0.9996401071548462,0.0003598928451538086,anime
"Usui, Kazuyoshi",anime,0.9996401071548462,0.0003598928451538086,anime
"Akemi, Homura",anime,0.9996401071548462,0.0003598928451538086,anime
Bertholdt Hoover,anime,0.9996401071548462,0.0003598928451538086,anime
"Nakahara, Chuuya",anime,0.9996401071548462,0.0003598928451538086,anime
Suma,anime,0.9996401071548462,0.0003598928451538086,anime
"Seto, Koharu",anime,0.9996401071548462,0.0003598928451538086,anime
"Kaneki, Ken",anime,0.9996401071548462,0.0003598928451538086,anime
Cha Hae-In,anime,0.9996401071548462,0.0003598928451538086,anime
"Mathers, Roswaal L.",anime,0.9996401071548462,0.0003598928451538086,anime
"Shinozaki, Rika",anime,0.9996401071548462,0.0003598928451538086,anime
Maomao,anime,0.9996401071548462,0.0003598928451538086,anime
Grimmjow Jaggerjack,anime,0.9996401071548462,0.0003598928451538086,anime
Andromeda Shun,anime,0.9996401071548462,0.0003598928451538086,anime
Ogawa Yuzuriha,anime,0.9996401071548462,0.0003598928451538086,anime
"von Rosewald, Kanae",anime,0.9996401071548462,0.0003598928451538086,anime
 Mare,anime,0.9996401071548462,0.0003598928451538086,anime
"Utsushimi, Camie",anime,0.9996401071548462,0.0003598928451538086,anime
Hanami,anime,0.9996401071548462,0.0003598928451538086,anime
Historia Reiss,anime,0.9996401071548462,0.0003598928451538086,anime
"Kaji, Akihiko",anime,0.9996401071548462,0.0003598928451538086,anime
Chizuru Mizuhara,anime,0.9996401071548462,0.0003598928451538086,anime
"Dedoldia, Ghislaine",anime,0.9996401071548462,0.0003598928451538086,anime
"Arklaum, Agott",anime,0.9996401071548462,0.0003598928451538086,anime
Kankuro,anime,0.9996401071548462,0.0003598928451538086,anime
Edward Elric,anime,0.9996401071548462,0.0003598928451538086,anime
"Kuujou, Jolyne",anime,0.9996401071548462,0.0003598928451538086,anime
"Nakayama, Haruki",anime,0.9996401071548462,0.0003598928451538086,anime
"Sahara, Miyoko",anime,0.9996401071548462,0.0003598928451538086,anime
"Kageyama, Ritsu",anime,0.9996401071548462,0.0003598928451538086,anime
Inuyama Aoi,anime,0.9996401071548462,0.0003598928451538086,anime
"Terushima, Yuuji",anime,0.9996401071548462,0.0003598928451538086,anime
"Matou, Kariya",anime,0.9996401071548462,0.0003598928451538086,anime
Kouhei Katsuren,anime,0.9996401071548462,0.0003598928451538086,anime
Kashimo Hajime,anime,0.9996401071548462,0.0003598928451538086,anime
"Nagatsuka, Tomohiro",anime,0.9996401071548462,0.0003598928451538086,anime
"Kikuchi, Yoshito",anime,0.9996401071548462,0.0003598928451538086,anime
"Oumae, Kumiko",anime,0.9996401071548462,0.0003598928451538086,anime
"Takagi, Akito",anime,0.9996401071548462,0.0003598928451538086,anime
Toshiro Hitsugaya,anime,0.9996401071548462,0.0003598928451538086,anime
Akaza,anime,0.9996401071548462,0.0003598928451538086,anime
Momonga,anime,0.9996401071548462,0.0003598928451538086,anime
Mirajane Strauss,anime,0.9996401071548462,0.0003598928451538086,anime
"Hanekawa, Tsubasa",anime,0.9996401071548462,0.0003598928451538086,anime
Yuzuhara Madoka,anime,0.9996401071548462,0.0003598928451538086,anime
Miya Osamu,anime,0.9996401071548462,0.0003598928451538086,anime
Thorfinn,anime,0.9996401071548462,0.0003598928451538086,anime
Omoi,anime,0.9996401071548462,0.0003598928451538086,anime
"Yamaguchi, Tadashi",anime,0.9996401071548462,0.0003598928451538086,anime
Nabe,anime,0.9996401071548462,0.0003598928451538086,anime
Toudou Aoi,anime,0.9996401071548462,0.0003598928451538086,anime
"Shinazugawa, Sanemi",anime,0.9996401071548462,0.0003598928451538086,anime
"Minakami, Mai",anime,0.9996401071548462,0.0003598928451538086,anime
"Araragi, Karen",anime,0.9996401071548462,0.0003598928451538086,anime
"Okudera, Miki",anime,0.9996401071548462,0.0003598928451538086,anime
"Minakami, Mario",anime,0.9996401071548462,0.0003598928451538086,anime
Tony Tony Chopper,anime,0.9996401071548462,0.0003598928451538086,anime
"Terumi, Mei",anime,0.9996401071548462,0.0003598928451538086,anime
C.C.,anime,0.9996401071548462,0.0003598928451538086,anime
Tamaki Mari,anime,0.9996401071548462,0.0003598928451538086,anime
Pah-chin,anime,0.9996401071548462,0.0003598928451538086,anime
Malty,anime,0.9996401071548462,0.0003598928451538086,anime
"Kotetsu, Isane",anime,0.9996401071548462,0.0003598928451538086,anime
Killer Bee,anime,0.9996401071548462,0.0003598928451538086,anime
"Himejima, Gyomei",anime,0.9996401071548462,0.0003598928451538086,anime
"Smith, Erwin",anime,0.9996401071548462,0.0003598928451538086,anime
Raphtalia,anime,0.9996401071548462,0.0003598928451538086,anime
Tsukumo Yuki,anime,0.9996401071548462,0.0003598928451538086,anime
"Sawamura, Daichi",anime,0.9996401071548462,0.0003598928451538086,anime
"Kaminari, Denki",anime,0.9996401071548462,0.0003598928451538086,anime
Genos,anime,0.9996401071548462,0.0003598928451538086,anime
Kaede Rukawa,anime,0.9996401071548462,0.0003598928451538086,anime
Kofune Mio,anime,0.9996401071548462,0.0003598928451538086,anime
Zenitsu Agatsuma,anime,0.9996401071548462,0.0003598928451538086,anime
"Tanaka, Asuka",anime,0.9996401071548462,0.0003598928451538086,anime
Obi,anime,0.9996401071548462,0.0003598928451538086,anime
No-Face,anime,0.9996401071548462,0.0003598928451538086,anime
Kage,anime,0.9996401071548462,0.0003598928451538086,anime
"Keehl, Mihael",anime,0.9996401071548462,0.0003598928451538086,anime
Emma,anime,0.9996401071548462,0.0003598928451538086,anime
Rider,anime,0.9996401071548462,0.0003598928451538086,anime
Sasuke Uchiha,anime,0.9996401071548462,0.0003598928451538086,anime
"Touden, Falin",anime,0.9996401071548462,0.0003598928451538086,anime
Katsura,anime,0.9996401071548462,0.0003598928451538086,anime
Carrot,anime,0.9996401071548462,0.0003598928451538086,anime
"Weinberg, Gino",anime,0.9996401071548462,0.0003598928451538086,anime
Zoro,anime,0.9996401071548462,0.0003598928451538086,anime
"Finger, Pieck",anime,0.9996401071548462,0.0003598928451538086,anime
"Ishida, Maria",anime,0.9996401071548462,0.0003598928451538086,anime
Gyuutarou,anime,0.9996401071548462,0.0003598928451538086,anime
"Momoe, Nagisa",anime,0.9996401071548462,0.0003598928451538086,anime
"Nu, Villetta",anime,0.9996401071548462,0.0003598928451538086,anime
"Shirogane, Father",anime,0.9996401071548462,0.0003598928451538086,anime
Happy,anime,0.9996401071548462,0.0003598928451538086,anime
Shiraishi Yuzuki,anime,0.9996401071548462,0.0003598928451538086,anime
"Tucker, Nina",anime,0.9996401071548462,0.0003598928451538086,anime
Lan Xichen,anime,0.9996401071548462,0.0003598928451538086,anime
"Migurdia, Roxy",anime,0.9996401071548462,0.0003598928451538086,anime
"Senjougahara, Hitagi",anime,0.9996401071548462,0.0003598928451538086,anime
Hoshiumi Kourai,anime,0.9996401071548462,0.0003598928451538086,anime
Neji Hyuga,anime,0.9996401071548462,0.0003598928451538086,anime
"Giovanna, Giorno",anime,0.9996401071548462,0.0003598928451538086,anime
Ayanami Rei,anime,0.9996401071548462,0.0003598928451538086,anime
"Unohana, Retsu",anime,0.9996401071548462,0.0003598928451538086,anime
"Bucciarati, Bruno",anime,0.9996401071548462,0.0003598928451538086,anime
"Jirou, Kyouka",anime,0.9996401071548462,0.0003598928451538086,anime
"Daiba, Nana",anime,0.9996401071548462,0.0003598928451538086,anime
Drachma,anime,0.9996401071548462,0.0003598928451538086,anime
"Sakagami, Tomoyo",anime,0.9996401071548462,0.0003598928451538086,anime
Rangiku,anime,0.9996401071548462,0.0003598928451538086,anime
Killua Zoldyck,anime,0.9996401071548462,0.0003598928451538086,anime
"Elric, Trisha",anime,0.9996401071548462,0.0003598928451538086,anime
"Aoyama, Yuuga",anime,0.9996401071548462,0.0003598928451538086,anime
Shiorido Ryuunosuke,anime,0.9996401071548462,0.0003598928451538086,anime
Yuki Sohma,anime,0.9996401071548462,0.0003598928451538086,anime
Inumaki Toge,anime,0.9996401071548462,0.0003598928451538086,anime
"Bokuto, Koutarou",anime,0.9996401071548462,0.0003598928451538086,anime
Suna Rintarou,anime,0.9996401071548462,0.0003598928451538086,anime
"Hoover, Bertolt",anime,0.9996401071548462,0.0003598928451538086,anime
Kisa Sohma,anime,0.9996401071548462,0.0003598928451538086,anime
"Sakusa, Kiyoomi",anime,0.9996401071548462,0.0003598928451538086,anime
"Kiriyama, Rei",anime,0.9996401071548462,0.0003598928451538086,anime
"Adel-Adler, Augusta Frederica",anime,0.9996401071548462,0.0003598928451538086,anime
"Shiranui, Genma",anime,0.9996401071548462,0.0003598928451538086,anime
Founding,anime,0.9996401071548462,0.0003598928451538086,anime
Momiji Sohma,anime,0.9996401071548462,0.0003598928451538086,anime
Lower Moons,anime,0.9996401071548462,0.0003598928451538086,anime
"Saitou, Miyako",anime,0.9996401071548462,0.0003598928451538086,anime
Eijiro Kirishima,anime,0.9996401071548462,0.0003598928451538086,anime
"Milizé, Vladilena",anime,0.9996401071548462,0.0003598928451538086,anime
Lucy,anime,0.9996401071548462,0.0003598928451538086,anime
Daiwa Scarlet,anime,0.9996401071548462,0.0003598928451538086,anime
"Ayasegawa, Yumichika",anime,0.9996401071548462,0.0003598928451538086,anime
Yuitsuka Inori,anime,0.9996401071548462,0.0003598928451538086,anime
"Braun, Reiner",anime,0.9996401071548462,0.0003598928451538086,anime
Chigusa,anime,0.9996401071548462,0.0003598928451538086,anime
Gyutaro,anime,0.9996401071548462,0.0003598928451538086,anime
"Kawamoto, Momo",anime,0.9996401071548462,0.0003598928451538086,anime
Kitahara Iori,anime,0.9996401071548462,0.0003598928451538086,anime
"Matou, Shinji",anime,0.9996401071548462,0.0003598928451538086,anime
Meruem,anime,0.9996401071548462,0.0003598928451538086,anime
"Rikiishi, Tooru",anime,0.9996401071548462,0.0003598928451538086,anime
"Monkey D., Dragon",anime,0.9996401071548462,0.0003598928451538086,anime
"Tsukishima, Shuukurou",anime,0.9996401071548462,0.0003598928451538086,anime
Shaiapouf,anime,0.9996401071548462,0.0003598928451538086,anime
Schutra,anime,0.9996401071548462,0.0003598928451538086,anime
Jonathan Joestar,anime,0.9996401071548462,0.0003598928451538086,anime
"Okabe, Rintarou",anime,0.9996401071548462,0.0003598928451538086,anime
Invisible Girl,anime,0.9996401071548462,0.0003598928451538086,anime
Aryu,anime,0.9996401071548462,0.0003598928451538086,anime
Genryusai Yamamoto,anime,0.9996401071548462,0.0003598928451538086,anime
"Kozume, Kenma",anime,0.9996401071548462,0.0003598928451538086,anime
Miya,anime,0.9996401071548462,0.0003598928451538086,anime
Hiro Sohma,anime,0.9996401071548462,0.0003598928451538086,anime
Kanzaki Aoi,anime,0.9996401071548462,0.0003598928451538086,anime
Faputa,anime,0.9996401071548462,0.0003598928451538086,anime
"Lamperouge, Nunnally",anime,0.9996401071548462,0.0003598928451538086,anime
"Gekkou, Hayate",anime,0.9996401071548462,0.0003598928451538086,anime
Snyder Stanley,anime,0.9996401071548462,0.0003598928451538086,anime
Azusa,anime,0.9996401071548462,0.0003598928451538086,anime
"Hiroi, Kikuri",anime,0.9996401071548462,0.0003598928451538086,anime
Pippin,anime,0.9996401071548462,0.0003598928451538086,anime
Tohru Honda,anime,0.9996401071548462,0.0003598928451538086,anime
"Sakurai, Izumi",anime,0.9996401071548462,0.0003598928451538086,anime
"Li, Mu",anime,0.9996401071548462,0.0003598928451538086,anime
Luka,anime,0.9996401071548462,0.0003598928451538086,anime
Erza Scarlet,anime,0.9996401071548462,0.0003598928451538086,anime
"Kurata, Tome",anime,0.9996401071548462,0.0003598928451538086,anime
Katsuki Bakugo,anime,0.9996401071548462,0.0003598928451538086,anime
Markl,anime,0.9996401071548462,0.0003598928451538086,anime
L Lawliet,anime,0.9996401071548462,0.0003598928451538086,anime
Toji Fushiguro,anime,0.9996401071548462,0.0003598928451538086,anime
Oczy,anime,0.9996401071548462,0.0003598928451538086,anime
Takami Keigo,anime,0.9996401071548462,0.0003598928451538086,anime
"Himejima, Gyoumei",anime,0.9996401071548462,0.0003598928451538086,anime
"Grantz, Szayel Aporro",anime,0.9996401071548462,0.0003598928451538086,anime
Shigure Sohma,anime,0.9996401071548462,0.0003598928451538086,anime
Near,anime,0.9996401071548462,0.0003598928451538086,anime
Yuta Okkotsu,anime,0.9996401071548462,0.0003598928451538086,anime
"Ayase, Chihaya",anime,0.9996401071548462,0.0003598928451538086,anime
Kotoura,anime,0.9996401071548462,0.0003598928451538086,anime
"Okazaki, Tomoya",anime,0.9996401071548462,0.0003598928451538086,anime
Athena,anime,0.9996401071548462,0.0003598928451538086,anime
Hiruzen Sarutobi,anime,0.9996401071548462,0.0003598928451538086,anime
Takopii,anime,0.9996401071548462,0.0003598928451538086,anime
Feitan,anime,0.9996401071548462,0.0003598928451538086,anime
Tsumugi Kyouko,anime,0.9996401071548462,0.0003598928451538086,anime
Todoroki Natsuo,anime,0.9996401071548462,0.0003598928451538086,anime
"Touden, Laios",anime,0.9996401071548462,0.0003598928451538086,anime
"Tsukiyama, Shuu",anime,0.9996401071548462,0.0003598928451538086,anime
Jean Pierre Polnareff,anime,0.9996401071548462,0.0003598928451538086,anime
"Hoshino, Aquamarine",anime,0.9996401071548462,0.0003598928451538086,anime
Haganezuka Hotaru,anime,0.9996401071548462,0.0003598928451538086,anime
Alex Louis Armstrong,anime,0.9996401071548462,0.0003598928451538086,anime
Phoenix Ikki,anime,0.9996401071548462,0.0003598928451538086,anime
Utahime Iori,anime,0.9996401071548462,0.0003598928451538086,anime
Maaa,anime,0.9996401071548462,0.0003598928451538086,anime
"Fujibayashi, Ryou",anime,0.9996401071548462,0.0003598928451538086,anime
Yoshino Junpei,anime,0.9996401071548462,0.0003598928451538086,anime
"Gotou, Hitori",anime,0.9996401071548462,0.0003598928451538086,anime
Asuna,anime,0.9996401071548462,0.0003598928451538086,anime
"Miya, Atsumu",anime,0.9996401071548462,0.0003598928451538086,anime
"Kamado, Tanjirou",anime,0.9996401071548462,0.0003598928451538086,anime
Lee JooHee,anime,0.9996401071548462,0.0003598928451538086,anime
"Zoldyck, Kalluto",anime,0.9996401071548462,0.0003598928451538086,anime
Leno,anime,0.9996401071548462,0.0003598928451538086,anime
Panda,anime,0.9996401071548462,0.0003598928451538086,anime
"Asano, Gakushuu",anime,0.9996401071548462,0.0003598928451538086,anime
Koduck,anime,0.9996401071548462,0.0003598928451538086,anime
"Nishimiya, Yuzuru",anime,0.9996401071548462,0.0003598928451538086,anime
Jin Ling,anime,0.9996401071548462,0.0003598928451538086,anime
"Nakajima, Atsushi",anime,0.9996401071548462,0.0003598928451538086,anime
Filolial,anime,0.9996401071548462,0.0003598928451538086,anime
Tsubasa Ozora,anime,0.9996401071548462,0.0003598928451538086,anime
"Hoshino, Yutaka",anime,0.9996401071548462,0.0003598928451538086,anime
Choi JongIn,anime,0.9996401071548462,0.0003598928451538086,anime
Okkotsu Yuuta,anime,0.9996401071548462,0.0003598928451538086,anime
"Serlut, Sortiliena",anime,0.9996401071548462,0.0003598928451538086,anime
Gajeel Redfox,anime,0.9996401071548462,0.0003598928451538086,anime
"Kousaka, Reina",anime,0.9996401071548462,0.0003598928451538086,anime
"Mori, Ougai",anime,0.9996401071548462,0.0003598928451538086,anime
"Zangief, Alexander Volg",anime,0.9996401071548462,0.0003598928451538086,anime
"Haiba, Lev",anime,0.9996401071548462,0.0003598928451538086,anime
"Nouzen, Shinei",anime,0.9996401071548462,0.0003598928451538086,anime
"Uryuu, Ryuunosuke",anime,0.9996401071548462,0.0003598928451538086,anime
"Gouda, Musashi",anime,0.9996401071548462,0.0003598928451538086,anime
Ulquiorra Cifer,anime,0.9996401071548462,0.0003598928451538086,anime
Hinata Hyuga,anime,0.9996401071548462,0.0003598928451538086,anime
Go GunHee,anime,0.9996401071548462,0.0003598928451538086,anime
Makomo,anime,0.9996401071548462,0.0003598928451538086,anime
"Miki, Sayaka",anime,0.9996401071548462,0.0003598928451538086,anime
Takuma Ino,anime,0.9996401071548462,0.0003598928451538086,anime
Richeh,anime,0.9996401071548462,0.0003598928451538086,anime
Peh-yan,anime,0.9996401071548462,0.0003598928451538086,anime
"Hatsume, Mei",anime,0.9996401071548462,0.0003598928451538086,anime
Galt,anime,0.9996401071548462,0.0003598928451538086,anime
Metal Knight,anime,0.9996401071548462,0.0003598928451538086,anime
"Tachibana, Misato",anime,0.9996401071548462,0.0003598928451538086,anime
Uta,anime,0.9996401071548462,0.0003598928451538086,anime
"Mito, Youhei",anime,0.9996401071548462,0.0003598928451538086,anime
Walt,anime,0.9996401071548462,0.0003598928451538086,anime
Cell,anime,0.9996401071548462,0.0003598928451538086,anime
"Aone, Takanobu",anime,0.9996401071548462,0.0003598928451538086,anime
"Minami, Uruka",anime,0.9996401071548462,0.0003598928451538086,anime
Chousou,anime,0.9996401071548462,0.0003598928451538086,anime
Loid Forger,anime,0.9996401071548462,0.0003598928451538086,anime
"Uzumaki, Boruto",anime,0.9996401071548462,0.0003598928451538086,anime
"Ennoshita, Chikara",anime,0.9996401071548462,0.0003598928451538086,anime
"Shirazu, Ginshi",anime,0.9996401071548462,0.0003598928451538086,anime
"Yamagishi, Yukako",anime,0.9996401071548462,0.0003598928451538086,anime
"Shuga, Raiden",anime,0.9996401071548462,0.0003598928451538086,anime
Kazuma Sato,anime,0.9996401071548462,0.0003598928451538086,anime
Tien Shinhan,anime,0.9996401071548462,0.0003598928451538086,anime
Mitsuki,anime,0.9996401071548462,0.0003598928451538086,anime
"Konno, Yuuki",anime,0.9996401071548462,0.0003598928451538086,anime
Ritsu Sohma,anime,0.9996401071548462,0.0003598928451538086,anime
"Tanaka, Saeko",anime,0.9996401071548462,0.0003598928451538086,anime
"Sugawara, Koushi",anime,0.9996401071548462,0.0003598928451538086,anime
"Emporio, Ivankov",anime,0.9996401071548462,0.0003598928451538086,anime
"Mado, Akira",anime,0.9996401071548462,0.0003598928451538086,anime
Sense,anime,0.9996401071548462,0.0003598928451538086,anime
Yuzuriha,anime,0.9996401071548462,0.0003598928451538086,anime
Dale,anime,0.9996401071548462,0.0003598928451538086,anime
Soshiro,anime,0.9996401071548462,0.0003598928451538086,anime
"Leonhart, Annie",anime,0.9996401071548462,0.0003598928451538086,anime
"Uzumaki, Naruto",anime,0.9996401071548462,0.0003598928451538086,anime
Alice Synthesis,anime,0.9996401071548462,0.0003598928451538086,anime
Oogaki Chiaki,anime,0.9996401071548462,0.0003598928451538086,anime
"Niizuma, Eiji",anime,0.9996401071548462,0.0003598928451538086,anime
Park Hee-chan,anime,0.9996401071548462,0.0003598928451538086,anime
Jinshi,anime,0.9996401071548462,0.0003598928451538086,anime
Bones,anime,0.9996401071548462,0.0003598928451538086,anime
Shinpachi,anime,0.9996401071548462,0.0003598928451538086,anime
"Ryougi, Shiki",anime,0.9996401071548462,0.0003598928451538086,anime
"Yangu, Shigekiyo",anime,0.9996401071548462,0.0003598928451538086,anime
Mahoraga,anime,0.9996401071548462,0.0003598928451538086,anime
Koku,anime,0.9996401071548462,0.0003598928451538086,anime
Muta Koukichi,anime,0.9996401071548462,0.0003598928451538086,anime
Pegasus Seiya,anime,0.9996401071548462,0.0003598928451538086,anime
Aqua Hoshino,anime,0.9996401071548462,0.0003598928451538086,anime
Björn,anime,0.9996401071548462,0.0003598928451538086,anime
"Kuwabara, Kazuma",anime,0.9996401071548462,0.0003598928451538086,anime
"Portor, Feitan",anime,0.9996401071548462,0.0003598928451538086,anime
Geto Suguru,anime,0.9996401071548462,0.0003598928451538086,anime
"Toosaka, Rin",anime,0.9996401071548462,0.0003598928451538086,anime
"Onizuka, Hime",anime,0.9996401071548462,0.0003598928451538086,anime
Sabito,anime,0.9996401071548462,0.0003598928451538086,anime
Cheng Xiaoshi,anime,0.9996401071548462,0.0003598928451538086,anime
Legosi,anime,0.9996401071548462,0.0003598928451538086,anime
Hisashi Mitsui,anime,0.9996401071548462,0.0003598928451538086,anime
Yor Forger,anime,0.9996401071548462,0.0003598928451538086,anime
Aura,anime,0.9996401071548462,0.0003598928451538086,anime
Atsuya Kusakabe,anime,0.9996401071548462,0.0003598928451538086,anime
Anya Forger,anime,0.9996401071548462,0.0003598928451538086,anime
Mithrun,anime,0.9996401071548462,0.0003598928451538086,anime
Sung JinAh,anime,0.9996401071548462,0.0003598928451538086,anime
"Uraraka, Ochako",anime,0.9996401071548462,0.0003598928451538086,anime
"Ootsutsuki, Kaguya",anime,0.9996401071548462,0.0003598928451538086,anime
Toge Inumaki,anime,0.9996401071548462,0.0003598928451538086,anime
Higuruma Hiromi,anime,0.9996401071548462,0.0003598928451538086,anime
Gintoki,anime,0.9996401071548462,0.0003598928451538086,anime
"Mittermeyer, Wolfgang",anime,0.9996401071548462,0.0003598928451538086,anime
"Natsume, Reiko",anime,0.9996401071548462,0.0003598928451538086,anime
Thistle,anime,0.9996401071548462,0.0003598928451538086,anime
Kakucho,anime,0.9996401071548462,0.0003598928451538086,anime
Tauro,anime,0.9996401071548462,0.0003598928451538086,anime
Tsugikuni Yoriichi,anime,0.9996401071548462,0.0003598928451538086,anime
Ren,anime,0.9996401071548462,0.0003598928451538086,anime
"Takizawa, Seidou",anime,0.9996401071548462,0.0003598928451538086,anime
Power Loader,anime,0.9996401071548462,0.0003598928451538086,anime
"Kawamoto, Hinata",anime,0.9996401071548462,0.0003598928451538086,anime
Maki Zenin,anime,0.9996401071548462,0.0003598928451538086,anime
"Kukumila, Kurena",anime,0.9996401071548462,0.0003598928451538086,anime
"Arima, Kishou",anime,0.9996401071548462,0.0003598928451538086,anime
"Dokugamine, Riruka",anime,0.9996401071548462,0.0003598928451538086,anime
"Suwen, Otto",anime,0.9996401071548462,0.0003598928451538086,anime
Kaiju 9,anime,0.9996401071548462,0.0003598928451538086,anime
Mu Qing,anime,0.9996401071548462,0.0003598928451538086,anime
"Kayaba, Akihiko",anime,0.9996401071548462,0.0003598928451538086,anime
"Kira, Yoshikage",anime,0.9996401071548462,0.0003598928451538086,anime
Raichi,anime,0.9996401071548462,0.0003598928451538086,anime
"Ichinose, Takumi",anime,0.9996401071548462,0.0003598928451538086,anime
Miguel,anime,0.9996401071548462,0.0003598928451538086,anime
"Senju, Hashirama",anime,0.9996401071548462,0.0003598928451538086,anime
Illumi Zoldyck,anime,0.9996401071548462,0.0003598928451538086,anime
Eris Boreas,anime,0.9996401071548462,0.0003598928451538086,anime
"Kaname, Madoka",anime,0.9996401071548462,0.0003598928451538086,anime
"Shutara, Senjumaru",anime,0.9996401071548462,0.0003598928451538086,anime
"Ooe, Kanade",anime,0.9996401071548462,0.0003598928451538086,anime
Sosuke Aizen,anime,0.9996401071548462,0.0003598928451538086,anime
Kiwi,anime,0.9996401071548462,0.0003598928451538086,anime
"Zoldyck, Alluka",anime,0.9996401071548462,0.0003598928451538086,anime
Miwa Kasumi,anime,0.9996401071548462,0.0003598928451538086,anime
"Ichinose, Kotomi",anime,0.9996401071548462,0.0003598928451538086,anime
"Wang, Jian",anime,0.9996401071548462,0.0003598928451538086,anime
Kazuya Kinoshita,anime,0.9996401071548462,0.0003598928451538086,anime
"Kotegawa, Chisa",anime,0.9996401071548462,0.0003598928451538086,anime
Yuno,anime,0.9996401071548462,0.0003598928451538086,anime
"Anasui, Narciso",anime,0.9996401071548462,0.0003598928451538086,anime
Kagamihara Sakura,anime,0.9996401071548462,0.0003598928451538086,anime
Riza Hawkeye,anime,0.9996401071548462,0.0003598928451538086,anime
Yoruichi Shihoin,anime,0.9996401071548462,0.0003598928451538086,anime
Louis,anime,0.9996401071548462,0.0003598928451538086,anime
"Portgas D., Ace",anime,0.9996401071548462,0.0003598928451538086,anime
"Reest, Martin",anime,0.9996401071548462,0.0003598928451538086,anime
"Yomo, Renji",anime,0.9996401071548462,0.0003598928451538086,anime
"Sarutobi, Konohamaru",anime,0.9996401071548462,0.0003598928451538086,anime
"Aijou, Karen",anime,0.9996401071548462,0.0003598928451538086,anime
"Havoc, Jean",anime,0.9996401071548462,0.0003598928451538086,anime
"Yukino, Yukari",anime,0.9996401071548462,0.0003598928451538086,anime
"Ibuki, Maya",anime,0.9996401071548462,0.0003598928451538086,anime
"Hanajima, Saki",anime,0.9996401071548462,0.0003598928451538086,anime
Holo,anime,0.9996401071548462,0.0003598928451538086,anime
"Yasuhisa, Kurona",anime,0.9996401071548462,0.0003598928451538086,anime
"Igawa, Emi",anime,0.9996401071548462,0.0003598928451538086,anime
Shigure Souma,anime,0.9996401071548462,0.0003598928451538086,anime
"Kurotsuchi, Nemu",anime,0.9996401071548462,0.0003598928451538086,anime
"Todoroki, Enji",anime,0.9996401071548462,0.0003598928451538086,anime
Tanaka Hajime,anime,0.9996401071548462,0.0003598928451538086,anime
Ukogi,anime,0.9996401071548462,0.0003598928451538086,anime
"Kasumi, Fuu",anime,0.9996401071548462,0.0003598928451538086,anime
Lan Sizhui,anime,0.9996401071548462,0.0003598928451538086,anime
South,anime,0.9996401071548462,0.0003598928451538086,anime
"Carroll, Alice",anime,0.9996401071548462,0.0003598928451538086,anime
Otama,anime,0.9996401071548462,0.0003598928451538086,anime
Marulk,anime,0.9996401071548462,0.0003598928451538086,anime
"Suzuhara, Touji",anime,0.9996401071548462,0.0003598928451538086,anime
Narrator,anime,0.9996401071548462,0.0003598928451538086,anime
Toyohama Nodoka,anime,0.9996401071548462,0.0003598928451538086,anime
"Joestar, Joseph",anime,0.9996401071548462,0.0003598928451538086,anime
"Kageyama, Tobio",anime,0.9996401071548462,0.0003598928451538086,anime
"Nödt, Äs",anime,0.9996401071548462,0.0003598928451538086,anime
Kei Shirogane,anime,0.9996401071548462,0.0003598928451538086,anime
"Makinohara, Shouko",anime,0.9996401071548462,0.0003598928451538086,anime
Kafka Hibino,anime,0.9996401071548462,0.0003598928451538086,anime
Zenin Mai,anime,0.9996401071548462,0.0003598928451538086,anime
Gekkouga,anime,0.9996401071548462,0.0003598928451538086,anime
Goruto,anime,0.9996401071548462,0.0003598928451538086,anime
Senju,anime,0.9996401071548462,0.0003598928451538086,anime
Tanjiro Kamado,anime,0.9996401071548462,0.0003598928451538086,anime
Maki Oze,anime,0.9996401071548462,0.0003598928451538086,anime
Noelle Silva,anime,0.9996401071548462,0.0003598928451538086,anime
"Gilga, Nnoitra",anime,0.9996401071548462,0.0003598928451538086,anime
"Poe, Edgar Allan",anime,0.9996401071548462,0.0003598928451538086,anime
"Kirigaya, Suguha",anime,0.9996401071548462,0.0003598928451538086,anime
Condor,anime,0.9996401071548462,0.0003598928451538086,anime
Riko,anime,0.9996401071548462,0.0003598928451538086,anime
Chouchou,anime,0.9996401071548462,0.0003598928451538086,anime
Bojji,anime,0.9996401071548462,0.0003598928451538086,anime
Radir Esil,anime,0.9996401071548462,0.0003598928451538086,anime
Kiba Inuzuka,anime,0.9996401071548462,0.0003598928451538086,anime
"Ishigami, Yuu",anime,0.9996401071548462,0.0003598928451538086,anime
"Kunikida, Doppo",anime,0.9996401071548462,0.0003598928451538086,anime
"Nishinoya, Yuu",anime,0.9996401071548462,0.0003598928451538086,anime
"Ashido, Mina",anime,0.9996401071548462,0.0003598928451538086,anime
"Hashida, Itaru",anime,0.9996401071548462,0.0003598928451538086,anime
"Superdia, Ruijerd",anime,0.9996401071548462,0.0003598928451538086,anime
"Shtolienen, Tiese",anime,0.9996401071548462,0.0003598928451538086,anime
"Yeager, Grisha",anime,0.9996401071548462,0.0003598928451538086,anime
"Emma, Anju",anime,0.9996401071548462,0.0003598928451538086,anime
Oguri Cap,anime,0.9996401071548462,0.0003598928451538086,anime
Zenin Naoya,anime,0.9996401071548462,0.0003598928451538086,anime
Nagi Seishiro,anime,0.9996401071548462,0.0003598928451538086,anime
Hachiware,anime,0.9996401071548462,0.0003598928451538086,anime
"Akaguro, Chizome",anime,0.9996401071548462,0.0003598928451538086,anime
"Ishigami, Senkuu",anime,0.9996401071548462,0.0003598928451538086,anime
"Zoë, Hange",anime,0.9996401071548462,0.0003598928451538086,anime
"Furuta, Nimura",anime,0.9996401071548462,0.0003598928451538086,anime
Gendou Ikari,anime,0.9996401071548462,0.0003598928451538086,anime
"Sensui, Shinobu",anime,0.9996401071548462,0.0003598928451538086,anime
Gyokuyou,anime,0.9996401071548462,0.0003598928451538086,anime
Aqua,anime,0.9996401071548462,0.0003598928451538086,anime
Nemu Tsukumayuzuki,anime,0.9996401071548462,0.0003598928451538086,anime
Soul Rody,anime,0.9996401071548462,0.0003598928451538086,anime
Nejire Chan,anime,0.9996401071548462,0.0003598928451538086,anime
Marcille,anime,0.9996401071548462,0.0003598928451538086,anime
Wan,anime,0.9996401071548462,0.0003598928451538086,anime
Daki,anime,0.9996401071548462,0.0003598928451538086,anime
"Fueguchi, Hinami",anime,0.9996401071548462,0.0003598928451538086,anime
"Semi, Eita",anime,0.9996401071548462,0.0003598928451538086,anime
"Steel, Lucy",anime,0.9996401071548462,0.0003598928451538086,anime
"Azuma, Naoki",anime,0.9996401071548462,0.0003598928451538086,anime
"Reigen, Arataka",anime,0.9996401071548462,0.0003598928451538086,anime
"Shiota, Nagisa",anime,0.9996401071548462,0.0003598928451538086,anime
Android 18,anime,0.9996401071548462,0.0003598928451538086,anime
"Igarashi, Kohei",anime,0.9996401071548462,0.0003598928451538086,anime
Nami,anime,0.9996401071548462,0.0003598928451538086,anime
"Shinomiya, Kaguya",anime,0.9996401071548462,0.0003598928451538086,anime
"Ackerman, Kenny",anime,0.9996401071548462,0.0003598928451538086,anime
Haumea,anime,0.9996401071548462,0.0003598928451538086,anime
Hisagi Shuuhei,anime,0.9996401071548462,0.0003598928451538086,anime
Senshi,anime,0.9996401071548462,0.0003598928451538086,anime
"Takagi, Yasushi",anime,0.9996401071548462,0.0003598928451538086,anime
Reg,anime,0.9996401071548462,0.0003598928451538086,anime
"Stadtfeld, Kallen",anime,0.9996401071548462,0.0003598928451538086,anime
Pedro,anime,0.9996401071548462,0.0003598928451538086,anime
"Greyrat, Aisha",anime,0.9996401071548462,0.0003598928451538086,anime
"Nimaiya, Ouetsu",anime,0.9996401071548462,0.0003598928451538086,anime
Lisanna Strauss,anime,0.9996401071548462,0.0003598928451538086,anime
Mary,anime,0.9996401071548462,0.0003598928451538086,anime
Hatsuharu Sohma,anime,0.9996401071548462,0.0003598928451538086,anime
Chomper,anime,0.9996401071548462,0.0003598928451538086,anime
"Fugo, Pannacotta",anime,0.9996401071548462,0.0003598928451538086,anime
Tatsumaki,anime,0.9996401071548462,0.0003598928451538086,anime
Arthur Shinmon,anime,0.9996401071548462,0.0003598928451538086,anime
Mitsuri Kanroji,anime,0.9996401071548462,0.0003598928451538086,anime
"Hattori, Akira",anime,0.9996401071548462,0.0003598928451538086,anime
Adam,anime,0.9996401071548462,0.0003598928451538086,anime
"Akaashi, Keiji",anime,0.9996401071548462,0.0003598928451538086,anime
Laxus Dreyar,anime,0.9996401071548462,0.0003598928451538086,anime
Tenten,anime,0.9996401071548462,0.0003598928451538086,anime
"Amajiki, Tamaki",anime,0.9996401071548462,0.0003598928451538086,anime
Asagiri Gen,anime,0.9996401071548462,0.0003598928451538086,anime
"Ginjou, Kuugo",anime,0.9996401071548462,0.0003598928451538086,anime
"Toogata, Mirio",anime,0.9996401071548462,0.0003598928451538086,anime
"Sakurajima, Mai",anime,0.9996401071548462,0.0003598928451538086,anime
"Aramaki, Daisuke",anime,0.9996401071548462,0.0003598928451538086,anime
Eugeo,anime,0.9996401071548462,0.0003598928451538086,anime
"Erikson, Leif",anime,0.9996401071548462,0.0003598928451538086,anime
"Lee, Yut-Lung",anime,0.9996401071548462,0.0003598928451538086,anime
Agnes Tachyon,anime,0.9996401071548462,0.0003598928451538086,anime
Juvia Lockser,anime,0.9996401071548462,0.0003598928451538086,anime
Sakura Haruno,anime,0.9996401071548462,0.0003598928451538086,anime
Darui,anime,0.9996401071548462,0.0003598928451538086,anime
"Ishida, Miyako",anime,0.9996401071548462,0.0003598928451538086,anime
Colossal,anime,0.9996401071548462,0.0003598928451538086,anime
"Amamiya, Gorou",anime,0.9996401071548462,0.0003598928451538086,anime
Zeke Yeager,anime,0.9996401071548462,0.0003598928451538086,anime
Kofune Ushio,anime,0.9996401071548462,0.0003598928451538086,anime
"Florence, Alicia",anime,0.9996401071548462,0.0003598928451538086,anime
"Shimotsuki, Ryuuma",anime,0.9996401071548462,0.0003598928451538086,anime
Takaba Fumihiko,anime,0.9996401071548462,0.0003598928451538086,anime
Cherry,anime,0.9996401071548462,0.0003598928451538086,anime
"Ayano, Keiko",anime,0.9996401071548462,0.0003598928451538086,anime
"Horibe, Itona",anime,0.9996401071548462,0.0003598928451538086,anime
Beerus,anime,0.9996401071548462,0.0003598928451538086,anime
"McMahon, Shoot",anime,0.9996401071548462,0.0003598928451538086,anime
"Aioi, Yuuko",anime,0.9996401071548462,0.0003598928451538086,anime
Eren Yeager,anime,0.9996401071548462,0.0003598928451538086,anime
Jiren,anime,0.9996401071548462,0.0003598928451538086,anime
"Nanahoshi, Shizuka",anime,0.9996401071548462,0.0003598928451538086,anime
Shoto Todoroki,anime,0.9996401071548462,0.0003598928451538086,anime
Mami,anime,0.9996401071548462,0.0003598928451538086,anime
Mei Mei,anime,0.9996401071548462,0.0003598928451538086,anime
"Rob, Lucci",anime,0.9996401071548462,0.0003598928451538086,anime
Tobita Danjuro,anime,0.9996401071548462,0.0003598928451538086,anime
"Kokutou, Mikiya",anime,0.9996401071548462,0.0003598928451538086,anime
"Brando, Diego",anime,0.9996401071548462,0.0003598928451538086,anime
"Suzuya, Juuzou",anime,0.9996401071548462,0.0003598928451538086,anime
"Busujima, Sakurako",anime,0.9996401071548462,0.0003598928451538086,anime
"Wong, Shorter",anime,0.9996401071548462,0.0003598928451538086,anime
Loulan,anime,0.9996401071548462,0.0003598928451538086,anime
"Honda, Kyouko",anime,0.9996401071548462,0.0003598928451538086,anime
Vueroeruko,anime,0.9996401071548462,0.0003598928451538086,anime
Ryuuen,anime,0.9996401071548462,0.0003598928451538086,anime
Solf,anime,0.9996401071548462,0.0003598928451538086,anime
"Shimizu, Kiyoko",anime,0.9996401071548462,0.0003598928451538086,anime
Badeni,anime,0.9996401071548462,0.0003598928451538086,anime
Baji,anime,0.9996401071548462,0.0003598928451538086,anime
"Zuberg, Alice",anime,0.9996401071548462,0.0003598928451538086,anime
Stephanotis Leon,anime,0.9996401071548462,0.0003598928451538086,anime
"Lamperouge, Rolo",anime,0.9996401071548462,0.0003598928451538086,anime
Reki,anime,0.9996401071548462,0.0003598928451538086,anime
"Shishio, Makoto",anime,0.9996401071548462,0.0003598928451538086,anime
Nobara Kugisaki,anime,0.9996401071548462,0.0003598928451538086,anime
Hiling,anime,0.9996401071548462,0.0003598928451538086,anime
"Yoshida, Shouyou",anime,0.9996401071548462,0.0003598928451538086,anime
"Yagami, Souichirou",anime,0.9996401071548462,0.0003598928451538086,anime
"Azumane, Asahi",anime,0.9996401071548462,0.0003598928451538086,anime
Getou Suguru,anime,0.9996401071548462,0.0003598928451538086,anime
Takina,anime,0.9996401071548462,0.0003598928451538086,anime
Mitsuya,anime,0.9996401071548462,0.0003598928451538086,anime
Wei Wuxian,anime,0.9996401071548462,0.0003598928451538086,anime
"Tachibana, Taki",anime,0.9996401071548462,0.0003598928451538086,anime
"Furukawa, Nagisa",anime,0.9996401071548462,0.0003598928451538086,anime
"Yosano, Akiko",anime,0.9996401071548462,0.0003598928451538086,anime
"Taki, Tooru",anime,0.9996401071548462,0.0003598928451538086,anime
"Springer, Connie",anime,0.9996401071548462,0.0003598928451538086,anime
"Amane, Suzuha",anime,0.9996401071548462,0.0003598928451538086,anime
PA-san,anime,0.9996401071548462,0.0003598928451538086,anime
Mumen Rider,anime,0.9996401071548462,0.0003598928451538086,anime
Nito,anime,0.9996401071548462,0.0003598928451538086,anime
"Serizawa, Katsuya",anime,0.9996401071548462,0.0003598928451538086,anime
Roswaal L. Geuse,anime,0.9996401071548462,0.0003598928451538086,anime
"Hinata, Shouyou",anime,0.9996401071548462,0.0003598928451538086,anime
"Kaji, Ryouji",anime,0.9996401071548462,0.0003598928451538086,anime
Stain,anime,0.9996401071548462,0.0003598928451538086,anime
Ishigami Byakuya,anime,0.9996401071548462,0.0003598928451538086,anime
Ui Ui,anime,0.9996401071548462,0.0003598928451538086,anime
Rebecca,anime,0.9996401071548462,0.0003598928451538086,anime
"Miyazono, Kaori",anime,0.9996401071548462,0.0003598928451538086,anime
"Lobo, Max",anime,0.9996401071548462,0.0003598928451538086,anime
Cavendish,anime,0.9996401071548462,0.0003598928451538086,anime
"Shiina, Mayuri",anime,0.9996401071548462,0.0003598928451538086,anime
Hijikata,anime,0.9996401071548462,0.0003598928451538086,anime
Iori Utahime,anime,0.9996401071548462,0.0003598928451538086,anime
"Yuuki, Asuna",anime,0.9996401071548462,0.0003598928451538086,anime
Jougo,anime,0.9996401071548462,0.0003598928451538086,anime
"Miyamizu, Mitsuha",anime,0.9996401071548462,0.0003598928451538086,anime
"Kishibe, Rohan",anime,0.9996401071548462,0.0003598928451538086,anime
"Kirigaya, Kazuto",anime,0.9996401071548462,0.0003598928451538086,anime
Yorita Ayato,anime,0.9996401071548462,0.0003598928451538086,anime
"Greyrat, Eris Boreas",anime,0.9996401071548462,0.0003598928451538086,anime
"Blouse, Sasha",anime,0.9996401071548462,0.0003598928451538086,anime
"Avdol, Muhammad",anime,0.9996401071548462,0.0003598928451538086,anime
"Tanuma, Kaname",anime,0.9996401071548462,0.0003598928451538086,anime
Mother Spider Demon,anime,0.9996401071548462,0.0003598928451538086,anime
Nanami Kento,anime,0.9996401071548462,0.0003598928451538086,anime
Kyo Sohma,anime,0.9996401071548462,0.0003598928451538086,anime
Porco,anime,0.9996401071548462,0.0003598928451538086,anime
"Natsume, Takashi",anime,0.9996401071548462,0.0003598928451538086,anime
"Todoroki, Shouto",anime,0.9996401071548462,0.0003598928451538086,anime
Wiz,anime,0.9996401071548462,0.0003598928451538086,anime
"Braun, Gabi",anime,0.9996401071548462,0.0003598928451538086,anime
"Ukitake, Juushirou",anime,0.9996401071548462,0.0003598928451538086,anime
Ochaco Uraraka,anime,0.9996401071548462,0.0003598928451538086,anime
Ruka,anime,0.9996401071548462,0.0003598928451538086,anime
"Kagami, Taiga",anime,0.9996401071548462,0.0003598928451538086,anime
Jogo,anime,0.9996401071548462,0.0003598928451538086,anime
"Son, Goten",anime,0.9996401071548462,0.0003598928451538086,anime
Serie,anime,0.9996401071548462,0.0003598928451538086,anime
Endeavor,anime,0.9996401071548462,0.0003598928451538086,anime
"Kotegawa, Nanaka",anime,0.9996401071548462,0.0003598928451538086,anime
Yamauchi Sakura,anime,0.9996401071548462,0.0003598928451538086,anime
Senku Ishigami,anime,0.9996401071548462,0.0003598928451538086,anime
"Vinsmoke, Reiju",anime,0.9996401071548462,0.0003598928451538086,anime
"Granzchesta, Aika S.",anime,0.9996401071548462,0.0003598928451538086,anime
Bachira Meguru,anime,0.9996401071548462,0.0003598928451538086,anime
"Hitler, Adolf",anime,0.9996401071548462,0.0003598928451538086,anime
Joe,anime,0.9996401071548462,0.0003598928451538086,anime
"Dostoevsky, Fyodor",anime,0.9996401071548462,0.0003598928451538086,anime
"Miyamizu, Yotsuha",anime,0.9996401071548462,0.0003598928451538086,anime
Mirio Togata,anime,0.9996401071548462,0.0003598928451538086,anime
"Kamogawa, Genji",anime,0.9996401071548462,0.0003598928451538086,anime
"Heinemann, Eva",anime,0.9996401071548462,0.0003598928451538086,anime
"Matoba, Seiji",anime,0.9996401071548462,0.0003598928451538086,anime
"Tachihara, Michizou",anime,0.9996401071548462,0.0003598928451538086,anime
"Reichwein, Julius",anime,0.9996401071548462,0.0003598928451538086,anime
"Boa, Hancock",anime,0.9996401071548462,0.0003598928451538086,anime
Shino Aburame,anime,0.9996401071548462,0.0003598928451538086,anime
Lu Guang,anime,0.9996401071548462,0.0003598928451538086,anime
Cygnus Hyoga,anime,0.9996401071548462,0.0003598928451538086,anime
"Aizen, Sousuke",anime,0.9996401071548462,0.0003598928451538086,anime
Kakashi Hatake,anime,0.9996401071548462,0.0003598928451538086,anime
Joe Yabuki,anime,0.9996401071548462,0.0003598928451538086,anime
"Kanbaru, Suruga",anime,0.9996401071548462,0.0003598928451538086,anime
Zenou,anime,0.9996401071548462,0.0003598928451538086,anime
Ryota Miyagi,anime,0.9996401071548462,0.0003598928451538086,anime
"Krueger, Biscuit",anime,0.9996401071548462,0.0003598928451538086,anime
Leo Aiolia,anime,0.9996401071548462,0.0003598928451538086,anime
"Jelavić, Irina",anime,0.9996401071548462,0.0003598928451538086,anime
"Kong, Wenge",anime,0.9996401071548462,0.0003598928451538086,anime
"Yaku, Morisuke",anime,0.9996401071548462,0.0003598928451538086,anime
Vanir,anime,0.9996401071548462,0.0003598928451538086,anime
"Ise, Nanao",anime,0.9996401071548462,0.0003598928451538086,anime
"Watari, Ryouta",anime,0.9996401071548462,0.0003598928451538086,anime
"Hodgins, Claudia",anime,0.9996401071548462,0.0003598928451538086,anime
"von Einzbern, Irisviel",anime,0.9996401071548462,0.0003598928451538086,anime
Gon Freecss,anime,0.9996401071548462,0.0003598928451538086,anime
Isshou,anime,0.9996401071548462,0.0003598928451538086,anime
Sabo,anime,0.9996401071548462,0.0003598928451538086,anime
"Ihei, Hairu",anime,0.9996401071548462,0.0003598928451538086,anime
Kaguya,anime,0.9996401071548462,0.0003598928451538086,anime
"Charlotte, Katakuri",anime,0.9996401071548462,0.0003598928451538086,anime
"Tennouji, Yuugo",anime,0.9996401071548462,0.0003598928451538086,anime
Sakamoto,anime,0.9996401071548462,0.0003598928451538086,anime
"Yuuhi, Kurenai",anime,0.9996401071548462,0.0003598928451538086,anime
Renji Abarai,anime,0.9996401071548462,0.0003598928451538086,anime
"Sarutobi, Ayame",anime,0.9996401071548462,0.0003598928451538086,anime
"Ootsutsuki, Momoshiki",anime,0.9996401071548462,0.0003598928451538086,anime
Julius Novachrono,anime,0.9996401071548462,0.0003598928451538086,anime
Nel Tu,anime,0.9996401071548462,0.0003598928451538086,anime
"Yagyuu, Kyuubei",anime,0.9996401071548462,0.0003598928451538086,anime
Chilchuck,anime,0.9996401071548462,0.0003598928451538086,anime
Ichikawa Kana,anime,0.9996401071548462,0.0003598928451538086,anime
Canute,anime,0.9996401071548462,0.0003598928451538086,anime
Asuma Sarutobi,anime,0.9996401071548462,0.0003598928451538086,anime
"Kirishima, Ayato",anime,0.9996401071548462,0.0003598928451538086,anime
Makise Kurisu,anime,0.9996401071548462,0.0003598928451538086,anime
Ivan,anime,0.9996401071548462,0.0003598928451538086,anime
Yamato,anime,0.9996401071548462,0.0003598928451538086,anime
"Mista, Guido",anime,0.9996401071548462,0.0003598928451538086,anime
"Azusagawa, Sakuta",anime,0.9996401071548462,0.0003598928451538086,anime
Yu Ishigami,anime,0.9996401071548462,0.0003598928451538086,anime
"Itadori, Yuuji",anime,0.9996401071548462,0.0003598928451538086,anime
"Forster, Floch",anime,0.9996401071548462,0.0003598928451538086,anime
Garou,anime,0.9996401071548462,0.0003598928451538086,anime
Jolenta,anime,0.9996401071548462,0.0003598928451538086,anime
Rico,anime,0.9996401071548462,0.0003598928451538086,anime
Lan Wangji,anime,0.9996401071548462,0.0003598928451538086,anime
Mikasa Ackerman,anime,0.9996401071548462,0.0003598928451538086,anime
"Kirigoe, Mima",anime,0.9996401071548462,0.0003598928451538086,anime
"Akabane, Karma",anime,0.9996401071548462,0.0003598928451538086,anime
"Tokoyami, Fumikage",anime,0.9996401071548462,0.0003598928451538086,anime
Silver Fang,anime,0.9996401071548462,0.0003598928451538086,anime
Howl,anime,0.9996401071548462,0.0003598928451538086,anime
"Greyrat, Zenith",anime,0.9996401071548462,0.0003598928451538086,anime
"Gotanda, Taishi",anime,0.9996401071548462,0.0003598928451538086,anime
Nie Huaisang,anime,0.9996401071548462,0.0003598928451538086,anime
Natsu Dragneel,anime,0.9996401071548462,0.0003598928451538086,anime
Nanika,anime,0.9996401071548462,0.0003598928451538086,anime
"Kiryuu, Moeka",anime,0.9996401071548462,0.0003598928451538086,anime
"Rikka, Theoto",anime,0.9996401071548462,0.0003598928451538086,anime
Yhwach,anime,0.9996401071548462,0.0003598928451538086,anime
Draken,anime,0.9996401071548462,0.0003598928451538086,anime
Sumi,anime,0.9996401071548462,0.0003598928451538086,anime
Kyoumoto,anime,0.9996401071548462,0.0003598928451538086,anime
Yelena,anime,0.9996401071548462,0.0003598928451538086,anime
Motoyasu,anime,0.9996401071548462,0.0003598928451538086,anime
"Imamura, Kouhei",anime,0.9996401071548462,0.0003598928451538086,anime
Darai,anime,0.9996401071548462,0.0003598928451538086,anime
Fujino Ayumu,anime,0.9996401071548462,0.0003598928451538086,anime
"von Reuenthal, Oskar",anime,0.9996401071548462,0.0003598928451538086,anime
"Muguruma, Kensei",anime,0.9996401071548462,0.0003598928451538086,anime
Xerxes Break,anime,0.9996401071548462,0.0003598928451538086,anime
Olruggio,anime,0.9996401071548462,0.0003598928451538086,anime
Master Roshi,anime,0.9996401071548462,0.0003598928451538086,anime
"Penber, Raye",anime,0.9996401071548462,0.0003598928451538086,anime
Kojiro,anime,0.9996401071548462,0.0003598928451538086,anime
Tsutsumi Kaina,anime,0.9996401071548462,0.0003598928451538086,anime
Yamato Asa,anime,0.9996401071548462,0.0003598928451538086,anime
"Aizawa, Shouta",anime,0.9996401071548462,0.0003598928451538086,anime
Ribbit,anime,0.9996401071548462,0.0003598928451538086,anime
Marlborough Luculia,anime,0.9996401071548462,0.0003598928451538086,anime
Hua Cheng,anime,0.9996401071548462,0.0003598928451538086,anime
"Emiya, Shirou",anime,0.9996401071548462,0.0003598928451538086,anime
Satella,anime,0.9996401071548462,0.0003598928451538086,anime
Hisoka Morow,anime,0.9996401071548462,0.0003598928451538086,anime
Smasher Adam,anime,0.9996401071548462,0.0003598928451538086,anime
"Kuze, Shizuka",anime,0.9996401071548462,0.0003598928451538086,anime
"Kaiki, Deishuu",anime,0.9996401071548462,0.0003598928451538086,anime
"Kururugi, Suzaku",anime,0.9996401071548462,0.0003598928451538086,anime
"Yuurakutei, Sukeroku",anime,0.9996401071548462,0.0003598928451538086,anime
Rice Shower,anime,0.9996401071548462,0.0003598928451538086,anime
Darkness,anime,0.9996401071548462,0.0003598928451538086,anime
Vanessa,anime,0.9996401071548462,0.0003598928451538086,anime
"Kurosaki, Isshin",anime,0.9996401071548462,0.0003598928451538086,anime
Kurapika,anime,0.9996401071548462,0.0003598928451538086,anime
Bepo,anime,0.9996401071548462,0.0003598928451538086,anime
Nagi,anime,0.9996401071548462,0.0003598928451538086,anime
"Arima, Kousei",anime,0.9996401071548462,0.0003598928451538086,anime
Kirito,anime,0.9996401071548462,0.0003598928451538086,anime
"Aozaki, Touko",anime,0.9996401071548462,0.0003598928451538086,anime
"Argyle, Felix",anime,0.9996401071548462,0.0003598928451538086,anime
"Wataya, Arata",anime,0.9996401071548462,0.0003598928451538086,anime
"Uotani, Arisa",anime,0.9996401071548462,0.0003598928451538086,anime
"Una, Trish",anime,0.9996401071548462,0.0003598928451538086,anime
"Azuki, Miho",anime,0.9996401071548462,0.0003598928451538086,anime
"Miyazawa, Kenji",anime,0.9996401071548462,0.0003598928451538086,anime
Carla,anime,0.9996401071548462,0.0003598928451538086,anime
Kite,anime,0.9996401071548462,0.0003598928451538086,anime
"Chiba, Mamoru",anime,0.9996401071548462,0.0003598928451538086,anime
Itsuki,anime,0.9996401071548462,0.0003598928451538086,anime
"Sunohara, Youhei",anime,0.9996401071548462,0.0003598928451538086,anime
"Suzuki, Shou",anime,0.9996401071548462,0.0003598928451538086,anime
"Ishida, Shouya",anime,0.9996401071548462,0.0003598928451538086,anime
"Okazaki, Ushio",anime,0.9996401071548462,0.0003598928451538086,anime
Ichikawa Kyoutarou,anime,0.9996401071548462,0.0003598928451538086,anime
Gohan,anime,0.9996401071548462,0.0003598928451538086,anime
"Yamada, Hizashi",anime,0.9996401071548462,0.0003598928451538086,anime
"Fujibayashi, Kyou",anime,0.9996401071548462,0.0003598928451538086,anime
"Hagakure, Tooru",anime,0.9996401071548462,0.0003598928451538086,anime
Jiang Cheng,anime,0.9996401071548462,0.0003598928451538086,anime
"Kondou, Isao",anime,0.9996401071548462,0.0003598928451538086,anime
Takemichi Hanagaki,anime,0.9996401071548462,0.0003598928451538086,anime
Kenzo,anime,0.9996401071548462,0.0003598928451538086,anime
Wang Lin,anime,0.9996401071548462,0.0003598928451538086,anime
"Ying, Zheng",anime,0.9996401071548462,0.0003598928451538086,anime
"Pokoteng, Aria",anime,0.9996401071548462,0.0003598928451538086,anime
"Siberia, Palm",anime,0.9996401071548462,0.0003598928451538086,anime
Kita Shinsuke,anime,0.9996401071548462,0.0003598928451538086,anime
"Higashikata, Jousuke",anime,0.9996401071548462,0.0003598928451538086,anime
Pieck,anime,0.9996401071548462,0.0003598928451538086,anime
Spinner,anime,0.9996401071548462,0.0003598928451538086,anime
Momonosuke,anime,0.9996401071548462,0.0003598928451538086,anime
"Kagamihara, Nadeshiko",anime,0.9996401071548462,0.0003598928451538086,anime
Baek YoonHo,anime,0.9996401071548462,0.0003598928451538086,anime
"Kaiou, Michiru",anime,0.9996401071548462,0.0003598928451538086,anime
"Saiki, Kusuo",anime,0.9996401071548462,0.0003598928451538086,anime
Susamaru,anime,0.9996401071548462,0.0003598928451538086,anime
Temari,anime,0.9996401071548462,0.0003598928451538086,anime
Isagi Yoichi,anime,0.9996401071548462,0.0003598928451538086,anime
"von Schönkopf, Walter",anime,0.9996401071548462,0.0003598928451538086,anime
Dabi,anime,0.9996401071548462,0.0003598928451538086,anime
Rengoku Senjurou,anime,0.9996401071548462,0.0003598928451538086,anime
Sigma,anime,0.9996401071548462,0.0003598928451538086,anime
"Fujisaki, Yuusuke",anime,0.9996401071548462,0.0003598928451538086,anime
Emilia,anime,0.9996401071548462,0.0003598928451538086,anime
Leafa,anime,0.9996401071548462,0.0003598928451538086,anime
"Yoshikawa, Yuuko",anime,0.9996401071548462,0.0003598928451538086,anime
"Araragi, Tsukihi",anime,0.9996401071548462,0.0003598928451538086,anime
Moretti Klein,anime,0.9996401071548462,0.0003598928451538086,anime
"Aida, Kensuke",anime,0.9996401071548462,0.0003598928451538086,anime
Yubaba,anime,0.9996401071548462,0.0003598928451538086,anime
"Hisaishi, Kanade",anime,0.9996401071548462,0.0003598928451538086,anime
"Thoumeaux, Gremmy",anime,0.9996401071548462,0.0003598928451538086,anime
"Tinsel, Garfiel",anime,0.9996401071548462,0.0003598928451538086,anime
King,anime,0.9996401071548462,0.0003598928451538086,anime
"Saitou, Ena",anime,0.9996401071548462,0.0003598928451538086,anime
Madara Uchiha,anime,0.9996401071548462,0.0003598928451538086,anime
Yoo JinHo,anime,0.9996401071548462,0.0003598928451538086,anime
Kanjuro,anime,0.9996401071548462,0.0003598928451538086,anime
"Edogawa, Ranpo",anime,0.9996401071548462,0.0003598928451538086,anime
Bartolomeo,anime,0.9996401071548462,0.0003598928451538086,anime
Donquixote Doflamingo,anime,0.9996401071548462,0.0003598928451538086,anime
Demiurge,anime,0.9996401071548462,0.0003598928451538086,anime
"Netero, Isaac",anime,0.9996401071548462,0.0003598928451538086,anime
"Gotou, Futari",anime,0.9996401071548462,0.0003598928451538086,anime
Albedo,anime,0.9996401071548462,0.0003598928451538086,anime
Kaseki,anime,0.9996401071548462,0.0003598928451538086,anime
Itadori Yuuji,anime,0.9996401071548462,0.0003598928451538086,anime
"Hiramaru, Kazuya",anime,0.9996401071548462,0.0003598928451538086,anime
"von Oberstein, Paul",anime,0.9996401071548462,0.0003598928451538086,anime
Kobeni,anime,0.9996401071548462,0.0003598928451538086,anime
"van Astrea, Reinhard",anime,0.9996401071548462,0.0003598928451538086,anime
Mika,anime,0.9996401071548462,0.0003598928451538086,anime
Gaoshun,anime,0.9996401071548462,0.0003598928451538086,anime
"Li, Xingke",anime,0.9996401071548462,0.0003598928451538086,anime
Jungle Pocket,anime,0.9996401071548462,0.0003598928451538086,anime
"Sero, Hanta",anime,0.9996401071548462,0.0003598928451538086,anime
"Matou, Sakura",anime,0.9996401071548462,0.0003598928451538086,anime
Renji,anime,0.9996401071548462,0.0003598928451538086,anime
"Ibuki, Fuuko",anime,0.9996401071548462,0.0003598928451538086,anime
"Shinsou, Hitoshi",anime,0.9996401071548462,0.0003598928451538086,anime
"Sasaki, Haise",anime,0.9996401071548462,0.0003598928451538086,anime
 Quanxi,anime,0.9996401071548462,0.0003598928451538086,anime
"Kirishima, Eijirou",anime,0.9996401071548462,0.0003598928451538086,anime
Mr. Satan,anime,0.9996401071548462,0.0003598928451538086,anime
"Yang, Wen-li",anime,0.9996401071548462,0.0003598928451538086,anime
"Emiya, Kiritsugu",anime,0.9996401071548462,0.0003598928451538086,anime
Rukia,anime,0.9996401071548462,0.0003598928451538086,anime
"Shirogane, Miyuki",anime,0.9996401071548462,0.0003598928451538086,anime
Gogol Nikolai,anime,0.9996401071548462,0.0003598928451538086,anime
"Meiou, Setsuna",anime,0.9996401071548462,0.0003598928451538086,anime
"Katou, Hazuki",anime,0.9996401071548462,0.0003598928451538086,anime
Chisato,anime,0.9996401071548462,0.0003598928451538086,anime
"Yoshiwara, Aina",anime,0.9996401071548462,0.0003598928451538086,anime
Suehiro Tetchou,anime,0.9996401071548462,0.0003598928451538086,anime
"Shirone, Zanoba",anime,0.9996401071548462,0.0003598928451538086,anime
Beatrix,anime,0.9996401071548462,0.0003598928451538086,anime
"Marshall D., Teach",anime,0.9996401071548462,0.0003598928451538086,anime
Nekomamushi,anime,0.9996401071548462,0.0003598928451538086,anime
"Aiza, Nagi",anime,0.9996401071548462,0.0003598928451538086,anime
"Hoshino, Ai",anime,0.9996401071548462,0.0003598928451538086,anime
"Gozen, Eboshi",anime,0.9996401071548462,0.0003598928451538086,anime
"Seto, Hiroko",anime,0.9996401071548462,0.0003598928451538086,anime
Chrome,anime,0.9996401071548462,0.0003598928451538086,anime
Himeno,anime,0.9996401071548462,0.0003598928451538086,anime
Ajiro Shinpei,anime,0.9996401071548462,0.0003598928451538086,anime
Shalltear,anime,0.9996401071548462,0.0003598928451538086,anime
Kashima Hiiragi,anime,0.9996401071548462,0.0003598928451538086,anime
Winry Rockbell,anime,0.9996401071548462,0.0003598928451538086,anime
"Kotobuki, Ryuujirou",anime,0.9996401071548462,0.0003598928451538086,anime
Vegetto,anime,0.9996401071548462,0.0003598928451538086,anime
"Akutagawa, Ryuunosuke",anime,0.9996401071548462,0.0003598928451538086,anime
"Kruger, Eren",anime,0.9996401071548462,0.0003598928451538086,anime
"Fuyutsuki, Azusa",anime,0.9996401071548462,0.0003598928451538086,anime
"Gol D., Roger",anime,0.9996401071548462,0.0003598928451538086,anime
Bang,anime,0.9996401071548462,0.0003598928451538086,anime
"Souma, Isuzu",anime,0.9996401071548462,0.0003598928451538086,anime
Choso,anime,0.9996401071548462,0.0003598928451538086,anime
Santa Claus,anime,0.9996401071548462,0.0003598928451538086,anime
"Wang, Qi",anime,0.9996401071548462,0.0003598928451538086,anime
"Kayano, Kaede",anime,0.9996401071548462,0.0003598928451538086,anime
"Hasekura, Mikitaka",anime,0.9996401071548462,0.0003598928451538086,anime
"Adai, Rossiu",anime,0.9996401071548462,0.0003598928451538086,anime
"Tanizaki, Junichirou",anime,0.9996401071548462,0.0003598928451538086,anime
Haru,anime,0.9996401071548462,0.0003598928451538086,anime
"Rengoku, Kyojuro",anime,0.9996401071548462,0.0003598928451538086,anime
"Kozuki, Oden",anime,0.9996401071548462,0.0003598928451538086,anime
Murata Ugetsu,anime,0.9996401071548462,0.0003598928451538086,anime
"Tendou, Maya",anime,0.9996401071548462,0.0003598928451538086,anime
Pochama,anime,0.9996401071548462,0.0003598928451538086,anime
Mem-Cho,anime,0.9996401071548462,0.0003598928451538086,anime
"Yasutora ""Chad"" Sado",anime,0.9996401071548462,0.0003598928451538086,anime
Shaula,anime,0.9996401071548462,0.0003598928451538086,anime
TM Opera O,anime,0.9996401071548462,0.0003598928451538086,anime
Rengoku Kyojuro,anime,0.9996401071548462,0.0003598928451538086,anime
"Sing, Su Rin",anime,0.9996401071548462,0.0003598928451538086,anime
"Takatsuki, Sen",anime,0.9996401071548462,0.0003598928451538086,anime
Kaji,anime,0.9996401071548462,0.0003598928451538086,anime
"Uchiha, Mikoto",anime,0.9996401071548462,0.0003598928451538086,anime
Cana Alberona,anime,0.9996401071548462,0.0003598928451538086,anime
Sekine Moeko,anime,0.9996401071548462,0.0003598928451538086,anime
Natsusawa Saku,anime,0.9996401071548462,0.0003598928451538086,anime
